molecule_id,molecule_name,family,configuration_id,xyz_path,source_type,parent_conformer,perturbation_sigma_A,rmsd_from_parent_A,max_atom_displacement_A,mean_atom_displacement_A,n_atoms,n_heavy_atoms,finite_coordinates,minimum_distance_A
M01,benzene,aromatic_hydrocarbon,M01_C001,/content/drive/MyDrive/MLIP project/configs/M01_benzene/M01_C001.xyz,mmff_conformer,0,0.0,1.510704135196192e-16,0.0,0.0,12,6,True,1.0867293080818592
M01,benzene,aromatic_hydrocarbon,M01_C002,/content/drive/MyDrive/MLIP project/configs/M01_benzene/M01_C002.xyz,perturbed,0,0.125,0.05021606729471462,0.20118223488499926,0.11705488142208649,12,6,True,1.033968285241441
M01,benzene,aromatic_hydrocarbon,M01_C003,/content/drive/MyDrive/MLIP project/configs/M01_benzene/M01_C003.xyz,perturbed,0,0.125,0.05010016542570343,0.2879374769999784,0.10294245996055884,12,6,True,1.0746301746736109
M01,benzene,aromatic_hydrocarbon,M01_C004,/content/drive/MyDrive/MLIP project/configs/M01_benzene/M01_C004.xyz,perturbed,0,0.125,0.05349264424512198,0.1848069783776519,0.1116205089236806,12,6,True,1.0009703747411887
M01,benzene,aromatic_hydrocarbon,M01_C005,/content/drive/MyDrive/MLIP project/configs/M01_benzene/M01_C005.xyz,perturbed,0,0.125,0.05143660767618495,0.21525786749317014,0.11317212625336932,12,6,True,1.0213326028999514
M01,benzene,aromatic_hydrocarbon,M01_C006,/content/drive/MyDrive/MLIP project/configs/M01_benzene/M01_C006.xyz,perturbed,0,0.1,0.05242158127805097,0.16666411864089917,0.09259109387586513,12,6,True,1.0798605895214397
M01,benzene,aromatic_hydrocarbon,M01_C007,/content/drive/MyDrive/MLIP project/configs/M01_benzene/M01_C007.xyz,perturbed,0,0.125,0.05340997532212629,0.2127296304186666,0.11291753283979833,12,6,True,1.0614089067080725
M01,benzene,aromatic_hydrocarbon,M01_C008,/content/drive/MyDrive/MLIP project/configs/M01_benzene/M01_C008.xyz,perturbed,0,0.125,0.05818496787685621,0.22273403303833966,0.1120937986219206,12,6,True,1.0615445367888763
M01,benzene,aromatic_hydrocarbon,M01_C009,/content/drive/MyDrive/MLIP project/configs/M01_benzene/M01_C009.xyz,perturbed,0,0.125,0.055209085252361574,0.19870096555842806,0.11426590882552519,12,6,True,1.076683957559706
M01,benzene,aromatic_hydrocarbon,M01_C010,/content/drive/MyDrive/MLIP project/configs/M01_benzene/M01_C010.xyz,perturbed,0,0.125,0.05883490934138715,0.1900033224667941,0.11152333027937716,12,6,True,1.0260891968885342
M01,benzene,aromatic_hydrocarbon,M01_C011,/content/drive/MyDrive/MLIP project/configs/M01_benzene/M01_C011.xyz,perturbed,0,0.125,0.05186478846075086,0.19852851873567007,0.1047766509434994,12,6,True,1.069661768538921
M01,benzene,aromatic_hydrocarbon,M01_C012,/content/drive/MyDrive/MLIP project/configs/M01_benzene/M01_C012.xyz,perturbed,0,0.1,0.05171704607385931,0.1315822216903542,0.09545761046691055,12,6,True,1.0324184897706064
M01,benzene,aromatic_hydrocarbon,M01_C013,/content/drive/MyDrive/MLIP project/configs/M01_benzene/M01_C013.xyz,perturbed,0,0.125,0.05450147091567058,0.20150718055891695,0.1145588804504963,12,6,True,1.072388332072835
M01,benzene,aromatic_hydrocarbon,M01_C014,/content/drive/MyDrive/MLIP project/configs/M01_benzene/M01_C014.xyz,perturbed,0,0.125,0.05692302246054058,0.21318760242530263,0.11269678851001962,12,6,True,1.0368036341501228
M01,benzene,aromatic_hydrocarbon,M01_C015,/content/drive/MyDrive/MLIP project/configs/M01_benzene/M01_C015.xyz,perturbed,0,0.125,0.05865633134830923,0.20163141831505593,0.11115241436077204,12,6,True,1.0495050828351191
M01,benzene,aromatic_hydrocarbon,M01_C016,/content/drive/MyDrive/MLIP project/configs/M01_benzene/M01_C016.xyz,perturbed,0,0.125,0.05429487382451391,0.20133974552538997,0.1156302657999379,12,6,True,1.0239967430515569
M01,benzene,aromatic_hydrocarbon,M01_C017,/content/drive/MyDrive/MLIP project/configs/M01_benzene/M01_C017.xyz,perturbed,0,0.125,0.05813702588814572,0.2522717739659075,0.10609342395409672,12,6,True,1.0078511323763935
M01,benzene,aromatic_hydrocarbon,M01_C018,/content/drive/MyDrive/MLIP project/configs/M01_benzene/M01_C018.xyz,perturbed,0,0.125,0.053653700103319046,0.20942225978939838,0.11372075209561704,12,6,True,1.0657202696699497
M01,benzene,aromatic_hydrocarbon,M01_C019,/content/drive/MyDrive/MLIP project/configs/M01_benzene/M01_C019.xyz,perturbed,0,0.125,0.050943699177662435,0.21658519744057078,0.11488255296125442,12,6,True,1.0619008959699532
M01,benzene,aromatic_hydrocarbon,M01_C020,/content/drive/MyDrive/MLIP project/configs/M01_benzene/M01_C020.xyz,perturbed,0,0.125,0.058072472740133135,0.20490490269456746,0.1148782449175864,12,6,True,1.034799221556334
M01,benzene,aromatic_hydrocarbon,M01_C021,/content/drive/MyDrive/MLIP project/configs/M01_benzene/M01_C021.xyz,perturbed,0,0.125,0.0530532799180143,0.23577828137655005,0.11364567542876029,12,6,True,1.0635276307325023
M01,benzene,aromatic_hydrocarbon,M01_C022,/content/drive/MyDrive/MLIP project/configs/M01_benzene/M01_C022.xyz,perturbed,0,0.125,0.05116317881969632,0.20114348434841484,0.11503837874209333,12,6,True,1.049732490578329
M01,benzene,aromatic_hydrocarbon,M01_C023,/content/drive/MyDrive/MLIP project/configs/M01_benzene/M01_C023.xyz,perturbed,0,0.125,0.05686909921843776,0.22004068823461073,0.11388538864093702,12,6,True,0.990649522594929
M02,toluene,aromatic_hydrocarbon,M02_C001,/content/drive/MyDrive/MLIP project/configs/M02_toluene/M02_C001.xyz,mmff_conformer,0,0.0,3.119329496903537e-16,0.0,0.0,15,7,True,1.0866122430361276
M02,toluene,aromatic_hydrocarbon,M02_C002,/content/drive/MyDrive/MLIP project/configs/M02_toluene/M02_C002.xyz,perturbed,0,0.125,0.050302929877003515,0.2034422907812177,0.107330403663856,15,7,True,1.0403259171685788
M02,toluene,aromatic_hydrocarbon,M02_C003,/content/drive/MyDrive/MLIP project/configs/M02_toluene/M02_C003.xyz,perturbed,0,0.125,0.053297486015187634,0.22569977067051628,0.10941553127063895,15,7,True,0.989220326429841
M02,toluene,aromatic_hydrocarbon,M02_C004,/content/drive/MyDrive/MLIP project/configs/M02_toluene/M02_C004.xyz,perturbed,0,0.125,0.05491351474497673,0.19778900332003876,0.11386670420175407,15,7,True,1.0090075609953262
M02,toluene,aromatic_hydrocarbon,M02_C005,/content/drive/MyDrive/MLIP project/configs/M02_toluene/M02_C005.xyz,perturbed,0,0.125,0.05298039693619608,0.19498172594696941,0.11817833886475565,15,7,True,1.010926703750467
M02,toluene,aromatic_hydrocarbon,M02_C006,/content/drive/MyDrive/MLIP project/configs/M02_toluene/M02_C006.xyz,perturbed,0,0.125,0.055734669272050466,0.18511591381511966,0.11523233124948859,15,7,True,1.036486638494986
M02,toluene,aromatic_hydrocarbon,M02_C007,/content/drive/MyDrive/MLIP project/configs/M02_toluene/M02_C007.xyz,perturbed,0,0.125,0.050949822794286705,0.2200835672285328,0.11321006155478547,15,7,True,1.00554749222318
M02,toluene,aromatic_hydrocarbon,M02_C008,/content/drive/MyDrive/MLIP project/configs/M02_toluene/M02_C008.xyz,perturbed,0,0.125,0.05583979661129809,0.24011990606350916,0.10527036456985311,15,7,True,1.0492217589562363
M02,toluene,aromatic_hydrocarbon,M02_C009,/content/drive/MyDrive/MLIP project/configs/M02_toluene/M02_C009.xyz,perturbed,0,0.125,0.0562988319271085,0.21695932818751396,0.11670965138500171,15,7,True,1.0384556186511855
M02,toluene,aromatic_hydrocarbon,M02_C010,/content/drive/MyDrive/MLIP project/configs/M02_toluene/M02_C010.xyz,perturbed,0,0.125,0.05549066544384951,0.2610166049211652,0.11451372395934982,15,7,True,1.0380598709812372
M02,toluene,aromatic_hydrocarbon,M02_C011,/content/drive/MyDrive/MLIP project/configs/M02_toluene/M02_C011.xyz,perturbed,0,0.125,0.055128157136895256,0.19265511058103243,0.11745856145595028,15,7,True,1.0105409756627637
M02,toluene,aromatic_hydrocarbon,M02_C012,/content/drive/MyDrive/MLIP project/configs/M02_toluene/M02_C012.xyz,perturbed,0,0.125,0.05721072581981247,0.2331333021488996,0.1099234733906374,15,7,True,0.9879481071873272
M02,toluene,aromatic_hydrocarbon,M02_C013,/content/drive/MyDrive/MLIP project/configs/M02_toluene/M02_C013.xyz,perturbed,0,0.125,0.05571075168134335,0.18820044287062673,0.11493344903235088,15,7,True,1.0283684394750463
M02,toluene,aromatic_hydrocarbon,M02_C014,/content/drive/MyDrive/MLIP project/configs/M02_toluene/M02_C014.xyz,perturbed,0,0.125,0.05227590643918209,0.20651008186987954,0.11031335169134725,15,7,True,1.0178509156855666
M02,toluene,aromatic_hydrocarbon,M02_C015,/content/drive/MyDrive/MLIP project/configs/M02_toluene/M02_C015.xyz,perturbed,0,0.125,0.051789597812756084,0.306365936080101,0.10526293571238549,15,7,True,1.019022462110585
M02,toluene,aromatic_hydrocarbon,M02_C016,/content/drive/MyDrive/MLIP project/configs/M02_toluene/M02_C016.xyz,perturbed,0,0.125,0.05431113242069995,0.19739953939806207,0.11564568210598375,15,7,True,1.0345225654146415
M02,toluene,aromatic_hydrocarbon,M02_C017,/content/drive/MyDrive/MLIP project/configs/M02_toluene/M02_C017.xyz,perturbed,0,0.125,0.05401098938320657,0.19983009467473606,0.11546866257721271,15,7,True,0.9892226353395916
M02,toluene,aromatic_hydrocarbon,M02_C018,/content/drive/MyDrive/MLIP project/configs/M02_toluene/M02_C018.xyz,perturbed,0,0.125,0.055554463985608,0.23250529249051916,0.11104746552242185,15,7,True,1.0513171500574061
M02,toluene,aromatic_hydrocarbon,M02_C019,/content/drive/MyDrive/MLIP project/configs/M02_toluene/M02_C019.xyz,perturbed,0,0.125,0.05746424722946286,0.18541964121627488,0.11427874421302334,15,7,True,1.0381858039226342
M02,toluene,aromatic_hydrocarbon,M02_C020,/content/drive/MyDrive/MLIP project/configs/M02_toluene/M02_C020.xyz,perturbed,0,0.125,0.05027375758299794,0.2140544591009281,0.10934163765550634,15,7,True,1.0235923133331915
M02,toluene,aromatic_hydrocarbon,M02_C021,/content/drive/MyDrive/MLIP project/configs/M02_toluene/M02_C021.xyz,perturbed,0,0.125,0.05125559768306595,0.22871089932010877,0.10827374941599115,15,7,True,1.0616808172291339
M02,toluene,aromatic_hydrocarbon,M02_C022,/content/drive/MyDrive/MLIP project/configs/M02_toluene/M02_C022.xyz,perturbed,0,0.1,0.05511374043102666,0.1588947374469922,0.09280715936623664,15,7,True,1.0319148612364
M02,toluene,aromatic_hydrocarbon,M02_C023,/content/drive/MyDrive/MLIP project/configs/M02_toluene/M02_C023.xyz,perturbed,0,0.125,0.05905062715427088,0.2628477096229366,0.10659374825632,15,7,True,1.0610734784681035
M02,toluene,aromatic_hydrocarbon,M02_C024,/content/drive/MyDrive/MLIP project/configs/M02_toluene/M02_C024.xyz,perturbed,0,0.125,0.06052242542705419,0.23700737551383705,0.11068616425076126,15,7,True,1.0381953819819527
M03,naphthalene,aromatic_hydrocarbon,M03_C001,/content/drive/MyDrive/MLIP project/configs/M03_naphthalene/M03_C001.xyz,mmff_conformer,0,0.0,9.040423920606439e-16,0.0,0.0,18,10,True,1.0867928662505726
M03,naphthalene,aromatic_hydrocarbon,M03_C002,/content/drive/MyDrive/MLIP project/configs/M03_naphthalene/M03_C002.xyz,perturbed,0,0.125,0.05200705493103486,0.19985406121322616,0.11086831043866395,18,10,True,1.063588373270257
M03,naphthalene,aromatic_hydrocarbon,M03_C003,/content/drive/MyDrive/MLIP project/configs/M03_naphthalene/M03_C003.xyz,perturbed,0,0.125,0.05188571351481235,0.25864316877308735,0.11187854303158759,18,10,True,1.0115770166748645
M03,naphthalene,aromatic_hydrocarbon,M03_C004,/content/drive/MyDrive/MLIP project/configs/M03_naphthalene/M03_C004.xyz,perturbed,0,0.125,0.05091979626332745,0.22050508723368228,0.10986818336299964,18,10,True,0.9999873965642584
M03,naphthalene,aromatic_hydrocarbon,M03_C005,/content/drive/MyDrive/MLIP project/configs/M03_naphthalene/M03_C005.xyz,perturbed,0,0.125,0.05197432996332203,0.21240389517829675,0.11083547037566202,18,10,True,1.0366242459677724
M03,naphthalene,aromatic_hydrocarbon,M03_C006,/content/drive/MyDrive/MLIP project/configs/M03_naphthalene/M03_C006.xyz,perturbed,0,0.125,0.05801225981870031,0.22900994294979202,0.11313784238304561,18,10,True,1.0404465549362139
M03,naphthalene,aromatic_hydrocarbon,M03_C007,/content/drive/MyDrive/MLIP project/configs/M03_naphthalene/M03_C007.xyz,perturbed,0,0.125,0.05185268051400123,0.26353192652504365,0.10858192103337724,18,10,True,1.0567878363773573
M03,naphthalene,aromatic_hydrocarbon,M03_C008,/content/drive/MyDrive/MLIP project/configs/M03_naphthalene/M03_C008.xyz,perturbed,0,0.125,0.051504392458840434,0.24024832161751494,0.1108829962826894,18,10,True,1.0374411712015044
M03,naphthalene,aromatic_hydrocarbon,M03_C009,/content/drive/MyDrive/MLIP project/configs/M03_naphthalene/M03_C009.xyz,perturbed,0,0.125,0.05618348839729872,0.23138314373018257,0.10956534078851979,18,10,True,1.054618999176052
M03,naphthalene,aromatic_hydrocarbon,M03_C010,/content/drive/MyDrive/MLIP project/configs/M03_naphthalene/M03_C010.xyz,perturbed,0,0.125,0.052814473070478464,0.2641070306703594,0.11155821476863816,18,10,True,1.0136921910928587
M03,naphthalene,aromatic_hydrocarbon,M03_C011,/content/drive/MyDrive/MLIP project/configs/M03_naphthalene/M03_C011.xyz,perturbed,0,0.1,0.05077867970056793,0.1975551767693406,0.09135515939269648,18,10,True,1.0483180606957803
M03,naphthalene,aromatic_hydrocarbon,M03_C012,/content/drive/MyDrive/MLIP project/configs/M03_naphthalene/M03_C012.xyz,perturbed,0,0.125,0.05231126803812559,0.2459674592552726,0.1078650475839451,18,10,True,1.0079853533225018
M03,naphthalene,aromatic_hydrocarbon,M03_C013,/content/drive/MyDrive/MLIP project/configs/M03_naphthalene/M03_C013.xyz,perturbed,0,0.125,0.055290600290367156,0.23148602813278618,0.11290223977903942,18,10,True,1.091608882981513
M03,naphthalene,aromatic_hydrocarbon,M03_C014,/content/drive/MyDrive/MLIP project/configs/M03_naphthalene/M03_C014.xyz,perturbed,0,0.125,0.05341312978249115,0.262773599591126,0.10979652404459568,18,10,True,1.0554050531410202
M03,naphthalene,aromatic_hydrocarbon,M03_C015,/content/drive/MyDrive/MLIP project/configs/M03_naphthalene/M03_C015.xyz,perturbed,0,0.125,0.051155065404325066,0.23983102775103754,0.11182227890483983,18,10,True,1.0395517093643472
M03,naphthalene,aromatic_hydrocarbon,M03_C016,/content/drive/MyDrive/MLIP project/configs/M03_naphthalene/M03_C016.xyz,perturbed,0,0.125,0.05035960166941618,0.23192832605261368,0.11177976067215147,18,10,True,1.0426570018960986
M03,naphthalene,aromatic_hydrocarbon,M03_C017,/content/drive/MyDrive/MLIP project/configs/M03_naphthalene/M03_C017.xyz,perturbed,0,0.125,0.050760106553068216,0.28708959442759735,0.10979494974413234,18,10,True,1.0473178817452016
M03,naphthalene,aromatic_hydrocarbon,M03_C018,/content/drive/MyDrive/MLIP project/configs/M03_naphthalene/M03_C018.xyz,perturbed,0,0.125,0.05269230972143279,0.20019031022919953,0.11285081452344042,18,10,True,1.005353839575921
M03,naphthalene,aromatic_hydrocarbon,M03_C019,/content/drive/MyDrive/MLIP project/configs/M03_naphthalene/M03_C019.xyz,perturbed,0,0.125,0.0506310263406104,0.2247950435314436,0.11209972745186879,18,10,True,1.0224432761203093
M03,naphthalene,aromatic_hydrocarbon,M03_C020,/content/drive/MyDrive/MLIP project/configs/M03_naphthalene/M03_C020.xyz,perturbed,0,0.125,0.051978957147103974,0.34602614116137054,0.10360934360233803,18,10,True,1.0655233506057438
M03,naphthalene,aromatic_hydrocarbon,M03_C021,/content/drive/MyDrive/MLIP project/configs/M03_naphthalene/M03_C021.xyz,perturbed,0,0.125,0.05647322912450003,0.211476755590498,0.11135567854654482,18,10,True,1.043653182257378
M03,naphthalene,aromatic_hydrocarbon,M03_C022,/content/drive/MyDrive/MLIP project/configs/M03_naphthalene/M03_C022.xyz,perturbed,0,0.125,0.05241206597266532,0.2207548918665417,0.11062319635364819,18,10,True,1.032296423838816
M03,naphthalene,aromatic_hydrocarbon,M03_C023,/content/drive/MyDrive/MLIP project/configs/M03_naphthalene/M03_C023.xyz,perturbed,0,0.125,0.05883211909572433,0.20685161031624696,0.11520493711739745,18,10,True,1.0432229205680708
M03,naphthalene,aromatic_hydrocarbon,M03_C024,/content/drive/MyDrive/MLIP project/configs/M03_naphthalene/M03_C024.xyz,perturbed,0,0.125,0.06333666617038444,0.19646034468958046,0.1122841745057611,18,10,True,1.0357013973554952
M04,anthracene,aromatic_hydrocarbon,M04_C001,/content/drive/MyDrive/MLIP project/configs/M04_anthracene/M04_C001.xyz,mmff_conformer,0,0.0,3.150763252477478e-16,0.0,0.0,24,14,True,1.086806164844077
M04,anthracene,aromatic_hydrocarbon,M04_C002,/content/drive/MyDrive/MLIP project/configs/M04_anthracene/M04_C002.xyz,perturbed,0,0.125,0.05619546472955071,0.2381131955395525,0.11365625935933465,24,14,True,1.047866189393441
M04,anthracene,aromatic_hydrocarbon,M04_C003,/content/drive/MyDrive/MLIP project/configs/M04_anthracene/M04_C003.xyz,perturbed,0,0.125,0.05118557412937743,0.2524872155431721,0.11364367757285522,24,14,True,1.0122728674626547
M04,anthracene,aromatic_hydrocarbon,M04_C004,/content/drive/MyDrive/MLIP project/configs/M04_anthracene/M04_C004.xyz,perturbed,0,0.125,0.054331581171725575,0.23103269426580528,0.11230367027710104,24,14,True,1.0344359813707569
M04,anthracene,aromatic_hydrocarbon,M04_C005,/content/drive/MyDrive/MLIP project/configs/M04_anthracene/M04_C005.xyz,perturbed,0,0.125,0.05644637326882029,0.27332698954549484,0.1108483589516731,24,14,True,1.0475360703603114
M04,anthracene,aromatic_hydrocarbon,M04_C006,/content/drive/MyDrive/MLIP project/configs/M04_anthracene/M04_C006.xyz,perturbed,0,0.125,0.05223638243979269,0.20287067137791912,0.11231648482180205,24,14,True,0.9692112454184133
M04,anthracene,aromatic_hydrocarbon,M04_C007,/content/drive/MyDrive/MLIP project/configs/M04_anthracene/M04_C007.xyz,perturbed,0,0.125,0.054563046126617255,0.2545738926944872,0.10810535643801417,24,14,True,1.0255748687902329
M04,anthracene,aromatic_hydrocarbon,M04_C008,/content/drive/MyDrive/MLIP project/configs/M04_anthracene/M04_C008.xyz,perturbed,0,0.125,0.050518533716814355,0.28071414887494667,0.11084021685947913,24,14,True,1.0250131191201337
M04,anthracene,aromatic_hydrocarbon,M04_C009,/content/drive/MyDrive/MLIP project/configs/M04_anthracene/M04_C009.xyz,perturbed,0,0.125,0.05334227891031567,0.26683184515677594,0.1102782271486026,24,14,True,1.0562673722916152
M04,anthracene,aromatic_hydrocarbon,M04_C010,/content/drive/MyDrive/MLIP project/configs/M04_anthracene/M04_C010.xyz,perturbed,0,0.125,0.05082225884627963,0.25054013088421767,0.11228334943994767,24,14,True,1.0425665088402343
M04,anthracene,aromatic_hydrocarbon,M04_C011,/content/drive/MyDrive/MLIP project/configs/M04_anthracene/M04_C011.xyz,perturbed,0,0.125,0.05317077104297673,0.2883077950202995,0.10540239354956109,24,14,True,1.051471788379438
M04,anthracene,aromatic_hydrocarbon,M04_C012,/content/drive/MyDrive/MLIP project/configs/M04_anthracene/M04_C012.xyz,perturbed,0,0.125,0.05046677380719051,0.2489510092904022,0.11009465147645692,24,14,True,0.9794029930582968
M04,anthracene,aromatic_hydrocarbon,M04_C013,/content/drive/MyDrive/MLIP project/configs/M04_anthracene/M04_C013.xyz,perturbed,0,0.125,0.05454194385977728,0.20826162802949535,0.11527569650776752,24,14,True,1.0613732237449534
M04,anthracene,aromatic_hydrocarbon,M04_C014,/content/drive/MyDrive/MLIP project/configs/M04_anthracene/M04_C014.xyz,perturbed,0,0.125,0.05234008176792318,0.29235501001709835,0.10755746715355581,24,14,True,1.0736017170973302
M04,anthracene,aromatic_hydrocarbon,M04_C015,/content/drive/MyDrive/MLIP project/configs/M04_anthracene/M04_C015.xyz,perturbed,0,0.125,0.05737386870816614,0.2286107626007119,0.11165222943550557,24,14,True,1.0476209935930405
M04,anthracene,aromatic_hydrocarbon,M04_C016,/content/drive/MyDrive/MLIP project/configs/M04_anthracene/M04_C016.xyz,perturbed,0,0.125,0.051691549557753416,0.25432267967590483,0.11000862389307738,24,14,True,1.0518813810126866
M04,anthracene,aromatic_hydrocarbon,M04_C017,/content/drive/MyDrive/MLIP project/configs/M04_anthracene/M04_C017.xyz,perturbed,0,0.125,0.055383819145384816,0.2114213165536054,0.11333533289684512,24,14,True,0.9962557126289868
M04,anthracene,aromatic_hydrocarbon,M04_C018,/content/drive/MyDrive/MLIP project/configs/M04_anthracene/M04_C018.xyz,perturbed,0,0.125,0.050990725695509276,0.23793613537026848,0.11178369420810681,24,14,True,1.0465240342875395
M04,anthracene,aromatic_hydrocarbon,M04_C019,/content/drive/MyDrive/MLIP project/configs/M04_anthracene/M04_C019.xyz,perturbed,0,0.125,0.05419122851444935,0.23081240950535048,0.11529571848552389,24,14,True,1.0135345953401445
M04,anthracene,aromatic_hydrocarbon,M04_C020,/content/drive/MyDrive/MLIP project/configs/M04_anthracene/M04_C020.xyz,perturbed,0,0.125,0.055225642892943905,0.2507069424203201,0.11031946793846105,24,14,True,1.0239268276047202
M04,anthracene,aromatic_hydrocarbon,M04_C021,/content/drive/MyDrive/MLIP project/configs/M04_anthracene/M04_C021.xyz,perturbed,0,0.125,0.05480071965161959,0.23695179023349217,0.1127979008892445,24,14,True,1.051226576124091
M04,anthracene,aromatic_hydrocarbon,M04_C022,/content/drive/MyDrive/MLIP project/configs/M04_anthracene/M04_C022.xyz,perturbed,0,0.125,0.05099823975625487,0.2693740903263637,0.11063378847844256,24,14,True,1.0458982279935856
M04,anthracene,aromatic_hydrocarbon,M04_C023,/content/drive/MyDrive/MLIP project/configs/M04_anthracene/M04_C023.xyz,perturbed,0,0.125,0.05307265643436213,0.21309482419103573,0.11270571191696947,24,14,True,0.9788530316567523
M04,anthracene,aromatic_hydrocarbon,M04_C024,/content/drive/MyDrive/MLIP project/configs/M04_anthracene/M04_C024.xyz,perturbed,0,0.125,0.05034030465370506,0.2374904333715647,0.11222263310323466,24,14,True,1.0500148098031945
M05,phenol,O_N_aromatic,M05_C001,/content/drive/MyDrive/MLIP project/configs/M05_phenol/M05_C001.xyz,mmff_conformer,0,0.0,2.250802715307532e-16,0.0,0.0,13,7,True,0.9709469249839308
M05,phenol,O_N_aromatic,M05_C002,/content/drive/MyDrive/MLIP project/configs/M05_phenol/M05_C002.xyz,perturbed,0,0.125,0.05195170432745131,0.21583265709156685,0.11275470623285487,13,7,True,1.0080504725596466
M05,phenol,O_N_aromatic,M05_C003,/content/drive/MyDrive/MLIP project/configs/M05_phenol/M05_C003.xyz,perturbed,0,0.125,0.05436569229575204,0.18481453935138664,0.10917782171652393,13,7,True,0.9776900149706843
M05,phenol,O_N_aromatic,M05_C004,/content/drive/MyDrive/MLIP project/configs/M05_phenol/M05_C004.xyz,perturbed,0,0.125,0.051598292249584926,0.23334174735096794,0.1123717970611349,13,7,True,0.9139024565318081
M05,phenol,O_N_aromatic,M05_C005,/content/drive/MyDrive/MLIP project/configs/M05_phenol/M05_C005.xyz,perturbed,0,0.125,0.05410626565416079,0.27063568239496527,0.10851825912234377,13,7,True,0.9476446650303604
M05,phenol,O_N_aromatic,M05_C006,/content/drive/MyDrive/MLIP project/configs/M05_phenol/M05_C006.xyz,perturbed,0,0.1,0.051101071707651026,0.1531902299931186,0.08909177510720633,13,7,True,0.9825131674802846
M05,phenol,O_N_aromatic,M05_C007,/content/drive/MyDrive/MLIP project/configs/M05_phenol/M05_C007.xyz,perturbed,0,0.125,0.05679460884268231,0.2550040186303957,0.11018962049916889,13,7,True,1.0209078637538558
M05,phenol,O_N_aromatic,M05_C008,/content/drive/MyDrive/MLIP project/configs/M05_phenol/M05_C008.xyz,perturbed,0,0.125,0.05132936664115481,0.19052609453454722,0.11143934415371093,13,7,True,0.9335705771107745
M05,phenol,O_N_aromatic,M05_C009,/content/drive/MyDrive/MLIP project/configs/M05_phenol/M05_C009.xyz,perturbed,0,0.125,0.05068450004985527,0.19700085850497656,0.10869271594171963,13,7,True,0.9991604585184625
M05,phenol,O_N_aromatic,M05_C010,/content/drive/MyDrive/MLIP project/configs/M05_phenol/M05_C010.xyz,perturbed,0,0.125,0.05513459967511433,0.2116037285072154,0.11088956389756191,13,7,True,0.9708191368709896
M05,phenol,O_N_aromatic,M05_C011,/content/drive/MyDrive/MLIP project/configs/M05_phenol/M05_C011.xyz,perturbed,0,0.125,0.05069607903341143,0.19626795199127275,0.10924920398334416,13,7,True,1.001562272736882
M05,phenol,O_N_aromatic,M05_C012,/content/drive/MyDrive/MLIP project/configs/M05_phenol/M05_C012.xyz,perturbed,0,0.125,0.05011707521693895,0.2077330118200337,0.11543422644326647,13,7,True,0.9802685144379282
M05,phenol,O_N_aromatic,M05_C013,/content/drive/MyDrive/MLIP project/configs/M05_phenol/M05_C013.xyz,perturbed,0,0.125,0.0692530926499399,0.22572131371136203,0.11313257432602788,13,7,True,1.0122539232931613
M05,phenol,O_N_aromatic,M05_C014,/content/drive/MyDrive/MLIP project/configs/M05_phenol/M05_C014.xyz,perturbed,0,0.125,0.05517610666535495,0.21185212193859046,0.11347333735049711,13,7,True,0.9753108569061643
M05,phenol,O_N_aromatic,M05_C015,/content/drive/MyDrive/MLIP project/configs/M05_phenol/M05_C015.xyz,perturbed,0,0.125,0.05447357416580237,0.21577884936822198,0.10544721128897502,13,7,True,1.0288719987473516
M05,phenol,O_N_aromatic,M05_C016,/content/drive/MyDrive/MLIP project/configs/M05_phenol/M05_C016.xyz,perturbed,0,0.125,0.06399043273404975,0.19176702858652195,0.11723856686560416,13,7,True,0.9827056911698122
M05,phenol,O_N_aromatic,M05_C017,/content/drive/MyDrive/MLIP project/configs/M05_phenol/M05_C017.xyz,perturbed,0,0.125,0.06070318346965054,0.21220952134640655,0.11367306194799509,13,7,True,1.0102204310882072
M05,phenol,O_N_aromatic,M05_C018,/content/drive/MyDrive/MLIP project/configs/M05_phenol/M05_C018.xyz,perturbed,0,0.125,0.05079742044843204,0.21915229381342236,0.1110769891446779,13,7,True,0.9503954327873555
M05,phenol,O_N_aromatic,M05_C019,/content/drive/MyDrive/MLIP project/configs/M05_phenol/M05_C019.xyz,perturbed,0,0.125,0.05847879484990863,0.2036323540179865,0.11500418921583205,13,7,True,0.971352790816052
M05,phenol,O_N_aromatic,M05_C020,/content/drive/MyDrive/MLIP project/configs/M05_phenol/M05_C020.xyz,perturbed,0,0.125,0.05013433836450818,0.27539198610425614,0.108580148628429,13,7,True,0.9486835254110392
M05,phenol,O_N_aromatic,M05_C021,/content/drive/MyDrive/MLIP project/configs/M05_phenol/M05_C021.xyz,perturbed,0,0.125,0.050866714071661406,0.19648773132511804,0.11452644948722646,13,7,True,1.0241673564913059
M05,phenol,O_N_aromatic,M05_C022,/content/drive/MyDrive/MLIP project/configs/M05_phenol/M05_C022.xyz,perturbed,0,0.125,0.05688869901600836,0.20925546842757373,0.11353567097693375,13,7,True,0.9969114304014427
M06,anisole,O_N_aromatic,M06_C001,/content/drive/MyDrive/MLIP project/configs/M06_anisole/M06_C001.xyz,mmff_conformer,0,0.0,4.2783594028295884e-16,0.0,0.0,16,8,True,1.0845218552941613
M06,anisole,O_N_aromatic,M06_C002,/content/drive/MyDrive/MLIP project/configs/M06_anisole/M06_C002.xyz,perturbed,0,0.125,0.05269553426959733,0.21611461711454558,0.11420178639841333,16,8,True,1.074270155906174
M06,anisole,O_N_aromatic,M06_C003,/content/drive/MyDrive/MLIP project/configs/M06_anisole/M06_C003.xyz,perturbed,0,0.125,0.051796599625850814,0.23642495559300392,0.11276379464072092,16,8,True,1.0535419245541315
M06,anisole,O_N_aromatic,M06_C004,/content/drive/MyDrive/MLIP project/configs/M06_anisole/M06_C004.xyz,perturbed,0,0.125,0.05025194743228829,0.22685564167786673,0.10847408130569407,16,8,True,0.9859707301078282
M06,anisole,O_N_aromatic,M06_C005,/content/drive/MyDrive/MLIP project/configs/M06_anisole/M06_C005.xyz,perturbed,0,0.125,0.06158423775714608,0.21034105829366406,0.11097440374689566,16,8,True,1.0382518131317644
M06,anisole,O_N_aromatic,M06_C006,/content/drive/MyDrive/MLIP project/configs/M06_anisole/M06_C006.xyz,perturbed,0,0.125,0.05103594088463388,0.2553305849481462,0.11054614170486404,16,8,True,1.0293145437089712
M06,anisole,O_N_aromatic,M06_C007,/content/drive/MyDrive/MLIP project/configs/M06_anisole/M06_C007.xyz,perturbed,0,0.125,0.06237747049426223,0.2334767208390688,0.11163595290935206,16,8,True,1.0234160451154914
M06,anisole,O_N_aromatic,M06_C008,/content/drive/MyDrive/MLIP project/configs/M06_anisole/M06_C008.xyz,perturbed,0,0.1,0.050540125336444065,0.17312873586054028,0.08573837556867951,16,8,True,1.057989433580177
M06,anisole,O_N_aromatic,M06_C009,/content/drive/MyDrive/MLIP project/configs/M06_anisole/M06_C009.xyz,perturbed,0,0.125,0.051142594426891154,0.20629084605839673,0.11251444706642186,16,8,True,1.0385819122608801
M06,anisole,O_N_aromatic,M06_C010,/content/drive/MyDrive/MLIP project/configs/M06_anisole/M06_C010.xyz,perturbed,0,0.125,0.0692518283792579,0.2011290810271274,0.1185672811942119,16,8,True,1.0139419644907728
M06,anisole,O_N_aromatic,M06_C011,/content/drive/MyDrive/MLIP project/configs/M06_anisole/M06_C011.xyz,perturbed,0,0.125,0.05288963505025819,0.24055605775577948,0.10929934982759879,16,8,True,1.0485076679571719
M06,anisole,O_N_aromatic,M06_C012,/content/drive/MyDrive/MLIP project/configs/M06_anisole/M06_C012.xyz,perturbed,0,0.125,0.052786191949425194,0.28344197196320753,0.10458972578115963,16,8,True,1.0685739660456126
M06,anisole,O_N_aromatic,M06_C013,/content/drive/MyDrive/MLIP project/configs/M06_anisole/M06_C013.xyz,perturbed,0,0.125,0.05041864853440437,0.19059751467171554,0.11265575608078449,16,8,True,1.0621091570165797
M06,anisole,O_N_aromatic,M06_C014,/content/drive/MyDrive/MLIP project/configs/M06_anisole/M06_C014.xyz,perturbed,0,0.125,0.056224634607002395,0.20985066405291739,0.1172692701140998,16,8,True,1.0473502420715626
M06,anisole,O_N_aromatic,M06_C015,/content/drive/MyDrive/MLIP project/configs/M06_anisole/M06_C015.xyz,perturbed,0,0.125,0.05123110655681851,0.27857041551142503,0.1075961271409549,16,8,True,1.0417572639660095
M06,anisole,O_N_aromatic,M06_C016,/content/drive/MyDrive/MLIP project/configs/M06_anisole/M06_C016.xyz,perturbed,0,0.125,0.056476851386290536,0.19273735618412494,0.10681058725414452,16,8,True,1.073794666505971
M06,anisole,O_N_aromatic,M06_C017,/content/drive/MyDrive/MLIP project/configs/M06_anisole/M06_C017.xyz,perturbed,0,0.125,0.055084117234547085,0.21563597284323544,0.11307871452703087,16,8,True,1.0746534676523107
M06,anisole,O_N_aromatic,M06_C018,/content/drive/MyDrive/MLIP project/configs/M06_anisole/M06_C018.xyz,perturbed,0,0.125,0.054654331976942576,0.21668711404982863,0.11299956832438886,16,8,True,1.0557840110490064
M06,anisole,O_N_aromatic,M06_C019,/content/drive/MyDrive/MLIP project/configs/M06_anisole/M06_C019.xyz,perturbed,0,0.125,0.05268695993172715,0.2156418587919739,0.11287963640500301,16,8,True,1.0355866886555716
M06,anisole,O_N_aromatic,M06_C020,/content/drive/MyDrive/MLIP project/configs/M06_anisole/M06_C020.xyz,perturbed,0,0.125,0.052980025117034875,0.19105590363175565,0.11029705295834291,16,8,True,1.0474890929107041
M06,anisole,O_N_aromatic,M06_C021,/content/drive/MyDrive/MLIP project/configs/M06_anisole/M06_C021.xyz,perturbed,0,0.125,0.05057616498776324,0.19456261039554162,0.11358913222695285,16,8,True,1.058634555605442
M06,anisole,O_N_aromatic,M06_C022,/content/drive/MyDrive/MLIP project/configs/M06_anisole/M06_C022.xyz,perturbed,0,0.125,0.055384748875021345,0.253479564903181,0.11037448570306024,16,8,True,1.0582844024676075
M06,anisole,O_N_aromatic,M06_C023,/content/drive/MyDrive/MLIP project/configs/M06_anisole/M06_C023.xyz,perturbed,0,0.125,0.051308689593763904,0.2860422986328031,0.10109420173952982,16,8,True,1.0367408807834846
M06,anisole,O_N_aromatic,M06_C024,/content/drive/MyDrive/MLIP project/configs/M06_anisole/M06_C024.xyz,perturbed,0,0.125,0.05052498026125141,0.23507057465497658,0.11301533854916329,16,8,True,1.0288662778507431
M07,pyridine,O_N_aromatic,M07_C001,/content/drive/MyDrive/MLIP project/configs/M07_pyridine/M07_C001.xyz,mmff_conformer,0,0.0,1.4954117404477104e-16,0.0,0.0,11,6,True,1.0839928533609309
M07,pyridine,O_N_aromatic,M07_C002,/content/drive/MyDrive/MLIP project/configs/M07_pyridine/M07_C002.xyz,perturbed,0,0.1,0.052020472134822214,0.15728222803609795,0.09045465483303948,11,6,True,1.0239529678971322
M07,pyridine,O_N_aromatic,M07_C003,/content/drive/MyDrive/MLIP project/configs/M07_pyridine/M07_C003.xyz,perturbed,0,0.1,0.050506066062056265,0.13131797282692537,0.0967188330642068,11,6,True,1.0323415291022953
M07,pyridine,O_N_aromatic,M07_C004,/content/drive/MyDrive/MLIP project/configs/M07_pyridine/M07_C004.xyz,perturbed,0,0.125,0.055095897538103865,0.18225816311761583,0.11842033634915738,11,6,True,1.0585811086715204
M07,pyridine,O_N_aromatic,M07_C005,/content/drive/MyDrive/MLIP project/configs/M07_pyridine/M07_C005.xyz,perturbed,0,0.125,0.0631625100472851,0.18709666352306206,0.11643897970964744,11,6,True,0.9510698019560996
M07,pyridine,O_N_aromatic,M07_C006,/content/drive/MyDrive/MLIP project/configs/M07_pyridine/M07_C006.xyz,perturbed,0,0.125,0.051075081290641346,0.19183020477130738,0.1157444987078374,11,6,True,1.053866118196882
M07,pyridine,O_N_aromatic,M07_C007,/content/drive/MyDrive/MLIP project/configs/M07_pyridine/M07_C007.xyz,perturbed,0,0.125,0.051772389077197736,0.23874689640004831,0.11050726398029309,11,6,True,1.036844688587773
M07,pyridine,O_N_aromatic,M07_C008,/content/drive/MyDrive/MLIP project/configs/M07_pyridine/M07_C008.xyz,perturbed,0,0.125,0.05052367643555155,0.18851777082862212,0.10441358859001286,11,6,True,1.0386598467655725
M07,pyridine,O_N_aromatic,M07_C009,/content/drive/MyDrive/MLIP project/configs/M07_pyridine/M07_C009.xyz,perturbed,0,0.125,0.054903379820170635,0.18705483023264569,0.10506151081472308,11,6,True,1.0687256172548323
M07,pyridine,O_N_aromatic,M07_C010,/content/drive/MyDrive/MLIP project/configs/M07_pyridine/M07_C010.xyz,perturbed,0,0.125,0.06474389151928485,0.1918692885777405,0.10980144846891692,11,6,True,1.029794185381092
M07,pyridine,O_N_aromatic,M07_C011,/content/drive/MyDrive/MLIP project/configs/M07_pyridine/M07_C011.xyz,perturbed,0,0.125,0.05331105172793171,0.23010646439957008,0.11114841610128998,11,6,True,1.061759312920595
M07,pyridine,O_N_aromatic,M07_C012,/content/drive/MyDrive/MLIP project/configs/M07_pyridine/M07_C012.xyz,perturbed,0,0.125,0.05320151168327835,0.24903356908453342,0.11005498637281984,11,6,True,1.0139284203479484
M07,pyridine,O_N_aromatic,M07_C013,/content/drive/MyDrive/MLIP project/configs/M07_pyridine/M07_C013.xyz,perturbed,0,0.125,0.05126720431693484,0.23022909340829514,0.10482257376343895,11,6,True,1.0712734858027564
M07,pyridine,O_N_aromatic,M07_C014,/content/drive/MyDrive/MLIP project/configs/M07_pyridine/M07_C014.xyz,perturbed,0,0.125,0.05661858531737122,0.19737809117899488,0.11455682252782923,11,6,True,1.081054123493523
M07,pyridine,O_N_aromatic,M07_C015,/content/drive/MyDrive/MLIP project/configs/M07_pyridine/M07_C015.xyz,perturbed,0,0.125,0.060113345484549933,0.22394482320453468,0.11100581249880448,11,6,True,0.9217853320605333
M07,pyridine,O_N_aromatic,M07_C016,/content/drive/MyDrive/MLIP project/configs/M07_pyridine/M07_C016.xyz,perturbed,0,0.125,0.05684001433075284,0.19770115183961895,0.11593598041429569,11,6,True,1.0656411684537948
M07,pyridine,O_N_aromatic,M07_C017,/content/drive/MyDrive/MLIP project/configs/M07_pyridine/M07_C017.xyz,perturbed,0,0.125,0.05078540942816411,0.2179306512483591,0.10793214039435331,11,6,True,1.0516449211454175
M07,pyridine,O_N_aromatic,M07_C018,/content/drive/MyDrive/MLIP project/configs/M07_pyridine/M07_C018.xyz,perturbed,0,0.125,0.06293274007616592,0.1992072628707378,0.11116318995723523,11,6,True,1.11411412417121
M08,aniline,O_N_aromatic,M08_C001,/content/drive/MyDrive/MLIP project/configs/M08_aniline/M08_C001.xyz,mmff_conformer,0,0.0,1.994368042741436e-16,0.0,0.0,14,7,True,1.014941082543291
M08,aniline,O_N_aromatic,M08_C002,/content/drive/MyDrive/MLIP project/configs/M08_aniline/M08_C002.xyz,perturbed,0,0.125,0.05005627974576613,0.22198283439234856,0.10877444916014312,14,7,True,1.0144780400284494
M08,aniline,O_N_aromatic,M08_C003,/content/drive/MyDrive/MLIP project/configs/M08_aniline/M08_C003.xyz,perturbed,0,0.125,0.060312004749556274,0.17072263083854455,0.11276125549710452,14,7,True,1.0392537917370628
M08,aniline,O_N_aromatic,M08_C004,/content/drive/MyDrive/MLIP project/configs/M08_aniline/M08_C004.xyz,perturbed,0,0.125,0.05042196341648097,0.21679045110502657,0.11108504714531656,14,7,True,0.9571244918718773
M08,aniline,O_N_aromatic,M08_C005,/content/drive/MyDrive/MLIP project/configs/M08_aniline/M08_C005.xyz,perturbed,0,0.125,0.05031826287289108,0.2672293984860884,0.1108046221189679,14,7,True,1.0080919047958594
M08,aniline,O_N_aromatic,M08_C006,/content/drive/MyDrive/MLIP project/configs/M08_aniline/M08_C006.xyz,perturbed,0,0.125,0.05044469865147849,0.31142613716613804,0.10472341033265535,14,7,True,1.0102433065961136
M08,aniline,O_N_aromatic,M08_C007,/content/drive/MyDrive/MLIP project/configs/M08_aniline/M08_C007.xyz,perturbed,0,0.125,0.05090841588031896,0.25678421345461844,0.1055224296973342,14,7,True,0.974058947072359
M08,aniline,O_N_aromatic,M08_C008,/content/drive/MyDrive/MLIP project/configs/M08_aniline/M08_C008.xyz,perturbed,0,0.125,0.05430885280605885,0.22295860827310698,0.11525045419612925,14,7,True,0.9894920407564909
M08,aniline,O_N_aromatic,M08_C009,/content/drive/MyDrive/MLIP project/configs/M08_aniline/M08_C009.xyz,perturbed,0,0.125,0.0507929972460877,0.22544655388834917,0.11324434497185033,14,7,True,0.9449282379385218
M08,aniline,O_N_aromatic,M08_C010,/content/drive/MyDrive/MLIP project/configs/M08_aniline/M08_C010.xyz,perturbed,0,0.125,0.05778430020594192,0.20175091779766405,0.11057457896938878,14,7,True,1.0297290302539883
M08,aniline,O_N_aromatic,M08_C011,/content/drive/MyDrive/MLIP project/configs/M08_aniline/M08_C011.xyz,perturbed,0,0.125,0.05318885229203752,0.19914692420796357,0.11869758518756697,14,7,True,0.9790188687772232
M08,aniline,O_N_aromatic,M08_C012,/content/drive/MyDrive/MLIP project/configs/M08_aniline/M08_C012.xyz,perturbed,0,0.125,0.051691303676149304,0.22600036957829267,0.11228270260381648,14,7,True,1.0084446564650875
M08,aniline,O_N_aromatic,M08_C013,/content/drive/MyDrive/MLIP project/configs/M08_aniline/M08_C013.xyz,perturbed,0,0.125,0.057637957535072205,0.20293169932410166,0.11230868509162491,14,7,True,1.0311708944513789
M08,aniline,O_N_aromatic,M08_C014,/content/drive/MyDrive/MLIP project/configs/M08_aniline/M08_C014.xyz,perturbed,0,0.125,0.05040089997625402,0.20776655427651,0.11495851395639407,14,7,True,1.036034986788651
M08,aniline,O_N_aromatic,M08_C015,/content/drive/MyDrive/MLIP project/configs/M08_aniline/M08_C015.xyz,perturbed,0,0.125,0.05536542414180063,0.2623958543186451,0.10929536658295168,14,7,True,1.0254098610150704
M08,aniline,O_N_aromatic,M08_C016,/content/drive/MyDrive/MLIP project/configs/M08_aniline/M08_C016.xyz,perturbed,0,0.125,0.05709457169585847,0.21131612198677874,0.11808536691152036,14,7,True,0.9906371539959334
M08,aniline,O_N_aromatic,M08_C017,/content/drive/MyDrive/MLIP project/configs/M08_aniline/M08_C017.xyz,perturbed,0,0.125,0.06085312010383668,0.21901706664721896,0.11156436944819728,14,7,True,0.9809107879820569
M08,aniline,O_N_aromatic,M08_C018,/content/drive/MyDrive/MLIP project/configs/M08_aniline/M08_C018.xyz,perturbed,0,0.125,0.05172575203668602,0.2378345755474374,0.11528866658349901,14,7,True,1.005560620000145
M08,aniline,O_N_aromatic,M08_C019,/content/drive/MyDrive/MLIP project/configs/M08_aniline/M08_C019.xyz,perturbed,0,0.125,0.0592403404252816,0.26697215590088536,0.11173329725390868,14,7,True,1.0417161038152192
M08,aniline,O_N_aromatic,M08_C020,/content/drive/MyDrive/MLIP project/configs/M08_aniline/M08_C020.xyz,perturbed,0,0.125,0.05207663276022607,0.25840026248164677,0.10921912261531873,14,7,True,0.9684335734907481
M09,1_2_3_thiadiazole,S_heteroaromatic,M09_C001,/content/drive/MyDrive/MLIP project/configs/M09_1_2_3_thiadiazole/M09_C001.xyz,mmff_conformer,0,0.0,1.3834061714311527e-16,0.0,0.0,7,5,True,1.0791629757555283
M09,1_2_3_thiadiazole,S_heteroaromatic,M09_C002,/content/drive/MyDrive/MLIP project/configs/M09_1_2_3_thiadiazole/M09_C002.xyz,perturbed,0,0.125,0.05490644841027888,0.17761908916938626,0.11219614718831318,7,5,True,0.9696269579611215
M09,1_2_3_thiadiazole,S_heteroaromatic,M09_C003,/content/drive/MyDrive/MLIP project/configs/M09_1_2_3_thiadiazole/M09_C003.xyz,perturbed,0,0.125,0.06499922603665337,0.16115208754325686,0.11373294621209971,7,5,True,1.0923406889112672
M09,1_2_3_thiadiazole,S_heteroaromatic,M09_C004,/content/drive/MyDrive/MLIP project/configs/M09_1_2_3_thiadiazole/M09_C004.xyz,perturbed,0,0.125,0.05505240758788852,0.19949457243925028,0.1106998197946961,7,5,True,1.135391407720657
M09,1_2_3_thiadiazole,S_heteroaromatic,M09_C005,/content/drive/MyDrive/MLIP project/configs/M09_1_2_3_thiadiazole/M09_C005.xyz,perturbed,0,0.125,0.05585097388153528,0.1841098631218184,0.10969217760706582,7,5,True,1.0603504260628749
M09,1_2_3_thiadiazole,S_heteroaromatic,M09_C006,/content/drive/MyDrive/MLIP project/configs/M09_1_2_3_thiadiazole/M09_C006.xyz,perturbed,0,0.125,0.060158062148877395,0.1671459216223299,0.1044551287512407,7,5,True,1.142002102786443
M09,1_2_3_thiadiazole,S_heteroaromatic,M09_C007,/content/drive/MyDrive/MLIP project/configs/M09_1_2_3_thiadiazole/M09_C007.xyz,perturbed,0,0.125,0.05303674094357673,0.20396812247496707,0.10862378384996363,7,5,True,1.073824430300795
M09,1_2_3_thiadiazole,S_heteroaromatic,M09_C008,/content/drive/MyDrive/MLIP project/configs/M09_1_2_3_thiadiazole/M09_C008.xyz,perturbed,0,0.125,0.05048625280406984,0.200565692953624,0.10995877170830096,7,5,True,1.0402770894942155
M09,1_2_3_thiadiazole,S_heteroaromatic,M09_C009,/content/drive/MyDrive/MLIP project/configs/M09_1_2_3_thiadiazole/M09_C009.xyz,perturbed,0,0.125,0.06819482937812377,0.19375940638547046,0.11215534627716268,7,5,True,1.027602598794889
M09,1_2_3_thiadiazole,S_heteroaromatic,M09_C010,/content/drive/MyDrive/MLIP project/configs/M09_1_2_3_thiadiazole/M09_C010.xyz,perturbed,0,0.1,0.05727818979508491,0.1305701168449763,0.09410162401426374,7,5,True,1.0211976668842446
M09,1_2_3_thiadiazole,S_heteroaromatic,M09_C011,/content/drive/MyDrive/MLIP project/configs/M09_1_2_3_thiadiazole/M09_C011.xyz,perturbed,0,0.125,0.059208516579839575,0.15718905037198241,0.11246187400124008,7,5,True,1.040323109733234
M09,1_2_3_thiadiazole,S_heteroaromatic,M09_C012,/content/drive/MyDrive/MLIP project/configs/M09_1_2_3_thiadiazole/M09_C012.xyz,perturbed,0,0.125,0.054431256756747676,0.14174928141090595,0.1121485948204035,7,5,True,1.0876201361107425
M09,1_2_3_thiadiazole,S_heteroaromatic,M09_C013,/content/drive/MyDrive/MLIP project/configs/M09_1_2_3_thiadiazole/M09_C013.xyz,perturbed,0,0.125,0.05681555684477249,0.17174004783613228,0.10795316141184468,7,5,True,1.0478550179171278
M09,1_2_3_thiadiazole,S_heteroaromatic,M09_C014,/content/drive/MyDrive/MLIP project/configs/M09_1_2_3_thiadiazole/M09_C014.xyz,perturbed,0,0.1,0.058631531644493105,0.14771825520869955,0.09291343260933163,7,5,True,1.0373580783002891
M09,1_2_3_thiadiazole,S_heteroaromatic,M09_C015,/content/drive/MyDrive/MLIP project/configs/M09_1_2_3_thiadiazole/M09_C015.xyz,perturbed,0,0.125,0.07465528858661093,0.20181502416822802,0.11593802909720917,7,5,True,0.9916111206682693
M09,1_2_3_thiadiazole,S_heteroaromatic,M09_C016,/content/drive/MyDrive/MLIP project/configs/M09_1_2_3_thiadiazole/M09_C016.xyz,perturbed,0,0.1,0.05477035238452736,0.16177492878524946,0.08746547139614337,7,5,True,1.0583692360094694
M09,1_2_3_thiadiazole,S_heteroaromatic,M09_C017,/content/drive/MyDrive/MLIP project/configs/M09_1_2_3_thiadiazole/M09_C017.xyz,perturbed,0,0.125,0.07347707621835865,0.18447899796361913,0.12070904374868678,7,5,True,1.0714059558081006
M09,1_2_3_thiadiazole,S_heteroaromatic,M09_C018,/content/drive/MyDrive/MLIP project/configs/M09_1_2_3_thiadiazole/M09_C018.xyz,perturbed,0,0.125,0.0528753054998561,0.21802478416164678,0.10665221053876497,7,5,True,1.094283854841975
M09,1_2_3_thiadiazole,S_heteroaromatic,M09_C019,/content/drive/MyDrive/MLIP project/configs/M09_1_2_3_thiadiazole/M09_C019.xyz,perturbed,0,0.125,0.05215678194663586,0.18945648744875218,0.11391797997019834,7,5,True,0.995720835752736
M09,1_2_3_thiadiazole,S_heteroaromatic,M09_C020,/content/drive/MyDrive/MLIP project/configs/M09_1_2_3_thiadiazole/M09_C020.xyz,perturbed,0,0.125,0.06284258599629089,0.15436356141670327,0.11574532785948012,7,5,True,1.076316274776457
M09,1_2_3_thiadiazole,S_heteroaromatic,M09_C021,/content/drive/MyDrive/MLIP project/configs/M09_1_2_3_thiadiazole/M09_C021.xyz,perturbed,0,0.125,0.05257179888160178,0.1426314200566583,0.10721011740209119,7,5,True,1.1020112631732315
M09,1_2_3_thiadiazole,S_heteroaromatic,M09_C022,/content/drive/MyDrive/MLIP project/configs/M09_1_2_3_thiadiazole/M09_C022.xyz,perturbed,0,0.125,0.061914089434667516,0.19188114760195152,0.1126039535761049,7,5,True,1.1303314584693986
M09,1_2_3_thiadiazole,S_heteroaromatic,M09_C023,/content/drive/MyDrive/MLIP project/configs/M09_1_2_3_thiadiazole/M09_C023.xyz,perturbed,0,0.125,0.05306622773560295,0.213880144989901,0.10611373926900439,7,5,True,1.0712941795870479
M09,1_2_3_thiadiazole,S_heteroaromatic,M09_C024,/content/drive/MyDrive/MLIP project/configs/M09_1_2_3_thiadiazole/M09_C024.xyz,perturbed,0,0.125,0.05961468362502114,0.1924746850470567,0.11021323790641784,7,5,True,1.078067408109145
M10,BDT,S_heteroaromatic,M10_C001,/content/drive/MyDrive/MLIP project/configs/M10_BDT/M10_C001.xyz,mmff_conformer,0,0.0,5.611025288245476e-16,0.0,0.0,18,12,True,1.0813408285827357
M10,BDT,S_heteroaromatic,M10_C002,/content/drive/MyDrive/MLIP project/configs/M10_BDT/M10_C002.xyz,perturbed,0,0.125,0.0556214135354236,0.2436108020621144,0.1117420553559177,18,12,True,1.053978505913638
M10,BDT,S_heteroaromatic,M10_C003,/content/drive/MyDrive/MLIP project/configs/M10_BDT/M10_C003.xyz,perturbed,0,0.125,0.05239834848263758,0.2559762818611616,0.11140890970864792,18,12,True,1.0398462115605687
M10,BDT,S_heteroaromatic,M10_C004,/content/drive/MyDrive/MLIP project/configs/M10_BDT/M10_C004.xyz,perturbed,0,0.125,0.05465497136776463,0.2315041130183975,0.10956029981643388,18,12,True,1.0120967325095982
M10,BDT,S_heteroaromatic,M10_C005,/content/drive/MyDrive/MLIP project/configs/M10_BDT/M10_C005.xyz,perturbed,0,0.125,0.05736882917450394,0.20517879179954535,0.11060876350077291,18,12,True,1.0429492023694633
M10,BDT,S_heteroaromatic,M10_C006,/content/drive/MyDrive/MLIP project/configs/M10_BDT/M10_C006.xyz,perturbed,0,0.125,0.05814989332837082,0.247079448616835,0.11337643093620481,18,12,True,1.0095301442624358
M10,BDT,S_heteroaromatic,M10_C007,/content/drive/MyDrive/MLIP project/configs/M10_BDT/M10_C007.xyz,perturbed,0,0.1,0.051457915793762174,0.1849394044597487,0.08827180389715587,18,12,True,1.0601001562082328
M10,BDT,S_heteroaromatic,M10_C008,/content/drive/MyDrive/MLIP project/configs/M10_BDT/M10_C008.xyz,perturbed,0,0.125,0.05809726029854483,0.22496878116447058,0.11289989017946708,18,12,True,1.0389956158167122
M10,BDT,S_heteroaromatic,M10_C009,/content/drive/MyDrive/MLIP project/configs/M10_BDT/M10_C009.xyz,perturbed,0,0.125,0.053684163313944586,0.2448661529136796,0.11301590446821816,18,12,True,1.0451760029339374
M10,BDT,S_heteroaromatic,M10_C010,/content/drive/MyDrive/MLIP project/configs/M10_BDT/M10_C010.xyz,perturbed,0,0.125,0.05193138688602151,0.24840860102200976,0.10598876132252204,18,12,True,1.0521493397216997
M10,BDT,S_heteroaromatic,M10_C011,/content/drive/MyDrive/MLIP project/configs/M10_BDT/M10_C011.xyz,perturbed,0,0.125,0.05504071369296397,0.27245765244406656,0.1077226633941241,18,12,True,1.0227835719001253
M10,BDT,S_heteroaromatic,M10_C012,/content/drive/MyDrive/MLIP project/configs/M10_BDT/M10_C012.xyz,perturbed,0,0.125,0.05061595760286532,0.25000983003766775,0.1087038819033791,18,12,True,1.041940983747416
M10,BDT,S_heteroaromatic,M10_C013,/content/drive/MyDrive/MLIP project/configs/M10_BDT/M10_C013.xyz,perturbed,0,0.125,0.0565979132069595,0.2191551284235397,0.11043048060564696,18,12,True,1.0269184467278718
M10,BDT,S_heteroaromatic,M10_C014,/content/drive/MyDrive/MLIP project/configs/M10_BDT/M10_C014.xyz,perturbed,0,0.125,0.05598277038826618,0.24765153937792664,0.10809544018712958,18,12,True,1.0364339189343745
M10,BDT,S_heteroaromatic,M10_C015,/content/drive/MyDrive/MLIP project/configs/M10_BDT/M10_C015.xyz,perturbed,0,0.125,0.0512687209674082,0.24420249660223325,0.10639464356418377,18,12,True,1.0179939043919775
M10,BDT,S_heteroaromatic,M10_C016,/content/drive/MyDrive/MLIP project/configs/M10_BDT/M10_C016.xyz,perturbed,0,0.125,0.06043652845724593,0.22107830277046037,0.11324744819389562,18,12,True,1.0209226892790142
M10,BDT,S_heteroaromatic,M10_C017,/content/drive/MyDrive/MLIP project/configs/M10_BDT/M10_C017.xyz,perturbed,0,0.125,0.05415053800634731,0.24165198708903765,0.11248652155813074,18,12,True,1.0707424796394822
M10,BDT,S_heteroaromatic,M10_C018,/content/drive/MyDrive/MLIP project/configs/M10_BDT/M10_C018.xyz,perturbed,0,0.125,0.05843697380747272,0.22043627079190817,0.11235279736942282,18,12,True,1.064732897794818
M10,BDT,S_heteroaromatic,M10_C019,/content/drive/MyDrive/MLIP project/configs/M10_BDT/M10_C019.xyz,perturbed,0,0.125,0.05641279260595128,0.26533746888281096,0.11276988890261849,18,12,True,1.0658538461489346
M10,BDT,S_heteroaromatic,M10_C020,/content/drive/MyDrive/MLIP project/configs/M10_BDT/M10_C020.xyz,perturbed,0,0.125,0.05006579805220204,0.24025880089260573,0.10959343884637893,18,12,True,1.0753235219950248
M10,BDT,S_heteroaromatic,M10_C021,/content/drive/MyDrive/MLIP project/configs/M10_BDT/M10_C021.xyz,perturbed,0,0.125,0.06910213780726877,0.16432260346602232,0.11369811263287494,18,12,True,0.9786293305805309
M10,BDT,S_heteroaromatic,M10_C022,/content/drive/MyDrive/MLIP project/configs/M10_BDT/M10_C022.xyz,perturbed,0,0.125,0.05423547052758123,0.2076546304698967,0.11166009908340818,18,12,True,1.0496634111555383
M10,BDT,S_heteroaromatic,M10_C023,/content/drive/MyDrive/MLIP project/configs/M10_BDT/M10_C023.xyz,perturbed,0,0.125,0.05050208149361932,0.23220338048494324,0.11085364526610152,18,12,True,0.9546246667821865
M10,BDT,S_heteroaromatic,M10_C024,/content/drive/MyDrive/MLIP project/configs/M10_BDT/M10_C024.xyz,perturbed,0,0.125,0.05595786671990934,0.219155507024103,0.10862341734532982,18,12,True,1.114702489570793
M11,benzobithiophene,S_heteroaromatic,M11_C001,/content/drive/MyDrive/MLIP project/configs/M11_benzobithiophene/M11_C001.xyz,mmff_conformer,0,0.0,8.546876398768982e-16,0.0,0.0,28,18,True,1.0831747268956546
M11,benzobithiophene,S_heteroaromatic,M11_C002,/content/drive/MyDrive/MLIP project/configs/M11_benzobithiophene/M11_C002.xyz,mmff_conformer,1,0.0,1.6875133821669597e-16,0.0,0.0,28,18,True,1.082504285080308
M11,benzobithiophene,S_heteroaromatic,M11_C003,/content/drive/MyDrive/MLIP project/configs/M11_benzobithiophene/M11_C003.xyz,perturbed,1,0.125,0.05081615652607608,0.3396656701839244,0.10274223544396147,28,18,True,1.0096968525223655
M11,benzobithiophene,S_heteroaromatic,M11_C004,/content/drive/MyDrive/MLIP project/configs/M11_benzobithiophene/M11_C004.xyz,perturbed,0,0.125,0.052397493757026466,0.2606766265084992,0.11020263412794858,28,18,True,0.9986242548519083
M11,benzobithiophene,S_heteroaromatic,M11_C005,/content/drive/MyDrive/MLIP project/configs/M11_benzobithiophene/M11_C005.xyz,perturbed,0,0.125,0.0502697535251421,0.2447022522796552,0.10959760912953756,28,18,True,1.039959614133071
M11,benzobithiophene,S_heteroaromatic,M11_C006,/content/drive/MyDrive/MLIP project/configs/M11_benzobithiophene/M11_C006.xyz,perturbed,1,0.125,0.054081932250756456,0.23429005895248298,0.11119374702731862,28,18,True,1.0508567799638358
M11,benzobithiophene,S_heteroaromatic,M11_C007,/content/drive/MyDrive/MLIP project/configs/M11_benzobithiophene/M11_C007.xyz,perturbed,0,0.125,0.05340123450849262,0.26479756614367583,0.10866252342338918,28,18,True,1.0194478239660072
M11,benzobithiophene,S_heteroaromatic,M11_C008,/content/drive/MyDrive/MLIP project/configs/M11_benzobithiophene/M11_C008.xyz,perturbed,1,0.125,0.05508988525900306,0.2688626502688648,0.10913039059045042,28,18,True,1.0583682076383714
M11,benzobithiophene,S_heteroaromatic,M11_C009,/content/drive/MyDrive/MLIP project/configs/M11_benzobithiophene/M11_C009.xyz,perturbed,1,0.125,0.052428944032435025,0.3120288581268681,0.11325512505763734,28,18,True,1.0282670010270312
M11,benzobithiophene,S_heteroaromatic,M11_C010,/content/drive/MyDrive/MLIP project/configs/M11_benzobithiophene/M11_C010.xyz,perturbed,1,0.125,0.051758907023725355,0.35397946951501513,0.10622599925444527,28,18,True,1.035413546193143
M11,benzobithiophene,S_heteroaromatic,M11_C011,/content/drive/MyDrive/MLIP project/configs/M11_benzobithiophene/M11_C011.xyz,perturbed,0,0.125,0.05455103333674878,0.2651132788839219,0.11050004641757348,28,18,True,0.9723894135620148
M11,benzobithiophene,S_heteroaromatic,M11_C012,/content/drive/MyDrive/MLIP project/configs/M11_benzobithiophene/M11_C012.xyz,perturbed,0,0.125,0.056685380858541884,0.2619897534317432,0.10971819535298093,28,18,True,1.0662168154124065
M11,benzobithiophene,S_heteroaromatic,M11_C013,/content/drive/MyDrive/MLIP project/configs/M11_benzobithiophene/M11_C013.xyz,perturbed,1,0.125,0.05573651464521645,0.23059237889583276,0.11100687307466095,28,18,True,1.0303547174834544
M11,benzobithiophene,S_heteroaromatic,M11_C014,/content/drive/MyDrive/MLIP project/configs/M11_benzobithiophene/M11_C014.xyz,perturbed,1,0.125,0.05356356403083254,0.266053180272416,0.11214148542472478,28,18,True,1.0574281075052674
M11,benzobithiophene,S_heteroaromatic,M11_C015,/content/drive/MyDrive/MLIP project/configs/M11_benzobithiophene/M11_C015.xyz,perturbed,1,0.125,0.05364943432086677,0.23765613880990663,0.11060827914542966,28,18,True,1.0138235241499662
M11,benzobithiophene,S_heteroaromatic,M11_C016,/content/drive/MyDrive/MLIP project/configs/M11_benzobithiophene/M11_C016.xyz,perturbed,1,0.125,0.06100330586818128,0.27716649620109135,0.11005668819469017,28,18,True,1.034582513693935
M11,benzobithiophene,S_heteroaromatic,M11_C017,/content/drive/MyDrive/MLIP project/configs/M11_benzobithiophene/M11_C017.xyz,perturbed,0,0.125,0.050020726060151496,0.3825304727955353,0.09899144536956792,28,18,True,1.0719332910646697
M11,benzobithiophene,S_heteroaromatic,M11_C018,/content/drive/MyDrive/MLIP project/configs/M11_benzobithiophene/M11_C018.xyz,perturbed,0,0.125,0.05307943400795585,0.2228448640124663,0.11184781358327114,28,18,True,0.9934878330933528
M11,benzobithiophene,S_heteroaromatic,M11_C019,/content/drive/MyDrive/MLIP project/configs/M11_benzobithiophene/M11_C019.xyz,perturbed,1,0.125,0.05339046842078801,0.3144290018541486,0.10762530718813498,28,18,True,1.0038759694244794
M11,benzobithiophene,S_heteroaromatic,M11_C020,/content/drive/MyDrive/MLIP project/configs/M11_benzobithiophene/M11_C020.xyz,perturbed,0,0.125,0.05710232641151315,0.28756034390753893,0.10509652846250724,28,18,True,1.0407006351292147
M11,benzobithiophene,S_heteroaromatic,M11_C021,/content/drive/MyDrive/MLIP project/configs/M11_benzobithiophene/M11_C021.xyz,perturbed,1,0.125,0.050354302562795196,0.33754817400785003,0.10538887559147883,28,18,True,1.0506684020201538
M11,benzobithiophene,S_heteroaromatic,M11_C022,/content/drive/MyDrive/MLIP project/configs/M11_benzobithiophene/M11_C022.xyz,perturbed,1,0.125,0.05339488072079474,0.3037671509603432,0.1078553958912227,28,18,True,1.002788709903982
M11,benzobithiophene,S_heteroaromatic,M11_C023,/content/drive/MyDrive/MLIP project/configs/M11_benzobithiophene/M11_C023.xyz,perturbed,0,0.125,0.05828151532937288,0.32163239305512936,0.10562859908615495,28,18,True,1.0466442743387125
M11,benzobithiophene,S_heteroaromatic,M11_C024,/content/drive/MyDrive/MLIP project/configs/M11_benzobithiophene/M11_C024.xyz,perturbed,0,0.125,0.06436586293573004,0.20142707697365633,0.11748917297910003,28,18,True,1.0309156411229492
M12,terthiophene,S_heteroaromatic,M12_C001,/content/drive/MyDrive/MLIP project/configs/M12_terthiophene/M12_C001.xyz,mmff_conformer,0,0.0,7.280149881270803e-16,0.0,0.0,23,15,True,1.0802671941865458
M12,terthiophene,S_heteroaromatic,M12_C002,/content/drive/MyDrive/MLIP project/configs/M12_terthiophene/M12_C002.xyz,mmff_conformer,1,0.0,1.6193032204230372e-15,0.0,0.0,23,15,True,1.0810472780327502
M12,terthiophene,S_heteroaromatic,M12_C003,/content/drive/MyDrive/MLIP project/configs/M12_terthiophene/M12_C003.xyz,mmff_conformer,2,0.0,4.738631787111848e-16,0.0,0.0,23,15,True,1.0802643484706393
M12,terthiophene,S_heteroaromatic,M12_C004,/content/drive/MyDrive/MLIP project/configs/M12_terthiophene/M12_C004.xyz,perturbed,1,0.125,0.058039348091176814,0.26798019684547336,0.10934585070496858,23,15,True,1.0438124065613477
M12,terthiophene,S_heteroaromatic,M12_C005,/content/drive/MyDrive/MLIP project/configs/M12_terthiophene/M12_C005.xyz,perturbed,0,0.125,0.05151078304548332,0.2876896831589031,0.10886643342545607,23,15,True,1.0093353914995578
M12,terthiophene,S_heteroaromatic,M12_C006,/content/drive/MyDrive/MLIP project/configs/M12_terthiophene/M12_C006.xyz,perturbed,1,0.125,0.0510889938602772,0.25851043552326214,0.10615247756089662,23,15,True,1.063169782985795
M12,terthiophene,S_heteroaromatic,M12_C007,/content/drive/MyDrive/MLIP project/configs/M12_terthiophene/M12_C007.xyz,perturbed,0,0.125,0.05490532224001311,0.28949609299565415,0.10526479876215082,23,15,True,1.0578839300414125
M12,terthiophene,S_heteroaromatic,M12_C008,/content/drive/MyDrive/MLIP project/configs/M12_terthiophene/M12_C008.xyz,perturbed,0,0.125,0.05740683124561489,0.267926738069906,0.10911776048082658,23,15,True,1.0070991603639285
M12,terthiophene,S_heteroaromatic,M12_C009,/content/drive/MyDrive/MLIP project/configs/M12_terthiophene/M12_C009.xyz,perturbed,2,0.125,0.0530924232811043,0.2250744354079131,0.11362539512542465,23,15,True,1.0328775419301697
M12,terthiophene,S_heteroaromatic,M12_C010,/content/drive/MyDrive/MLIP project/configs/M12_terthiophene/M12_C010.xyz,perturbed,1,0.125,0.05070206807486199,0.3134894623784385,0.10985176206511586,23,15,True,1.0273535199011163
M12,terthiophene,S_heteroaromatic,M12_C011,/content/drive/MyDrive/MLIP project/configs/M12_terthiophene/M12_C011.xyz,perturbed,0,0.125,0.0529055509827114,0.29886173686490486,0.10504173257549829,23,15,True,1.0568711032794635
M12,terthiophene,S_heteroaromatic,M12_C012,/content/drive/MyDrive/MLIP project/configs/M12_terthiophene/M12_C012.xyz,perturbed,0,0.125,0.05877490488360041,0.2338622366158244,0.10933364397618305,23,15,True,1.0590828431914807
M12,terthiophene,S_heteroaromatic,M12_C013,/content/drive/MyDrive/MLIP project/configs/M12_terthiophene/M12_C013.xyz,perturbed,2,0.125,0.05240058716835055,0.3532457768643558,0.09802107356635979,23,15,True,1.060842251891863
M12,terthiophene,S_heteroaromatic,M12_C014,/content/drive/MyDrive/MLIP project/configs/M12_terthiophene/M12_C014.xyz,perturbed,0,0.125,0.0574860682910571,0.2555281710394259,0.1105567881020505,23,15,True,1.0662158670100275
M12,terthiophene,S_heteroaromatic,M12_C015,/content/drive/MyDrive/MLIP project/configs/M12_terthiophene/M12_C015.xyz,perturbed,2,0.125,0.05121217064932834,0.23962219206245833,0.11062618712635967,23,15,True,1.0687632965675837
M12,terthiophene,S_heteroaromatic,M12_C016,/content/drive/MyDrive/MLIP project/configs/M12_terthiophene/M12_C016.xyz,perturbed,2,0.125,0.05008845934141313,0.371634927991988,0.10148433792341006,23,15,True,1.058068642710409
M12,terthiophene,S_heteroaromatic,M12_C017,/content/drive/MyDrive/MLIP project/configs/M12_terthiophene/M12_C017.xyz,perturbed,1,0.125,0.05399855859813862,0.20630069437560453,0.11051429423230257,23,15,True,1.0475284997569558
M12,terthiophene,S_heteroaromatic,M12_C018,/content/drive/MyDrive/MLIP project/configs/M12_terthiophene/M12_C018.xyz,perturbed,2,0.125,0.053134675038442804,0.2955965597891441,0.10784909284650945,23,15,True,1.0422139582392673
M12,terthiophene,S_heteroaromatic,M12_C019,/content/drive/MyDrive/MLIP project/configs/M12_terthiophene/M12_C019.xyz,perturbed,0,0.125,0.05213884909036921,0.21281792734007618,0.10946275847716928,23,15,True,1.0613456378693138
M12,terthiophene,S_heteroaromatic,M12_C020,/content/drive/MyDrive/MLIP project/configs/M12_terthiophene/M12_C020.xyz,perturbed,2,0.1,0.05077736150025816,0.22402871519408074,0.0853679818111739,23,15,True,1.0410987677807748
M12,terthiophene,S_heteroaromatic,M12_C021,/content/drive/MyDrive/MLIP project/configs/M12_terthiophene/M12_C021.xyz,perturbed,0,0.125,0.05718649832454249,0.2741741569706349,0.109173999684815,23,15,True,1.0469154140022192
M12,terthiophene,S_heteroaromatic,M12_C022,/content/drive/MyDrive/MLIP project/configs/M12_terthiophene/M12_C022.xyz,perturbed,1,0.125,0.06362406339228803,0.21997556047368666,0.11367454530499549,23,15,True,1.0588433032046913
M12,terthiophene,S_heteroaromatic,M12_C023,/content/drive/MyDrive/MLIP project/configs/M12_terthiophene/M12_C023.xyz,perturbed,2,0.125,0.05671201493836834,0.32995760286853937,0.10646791875830847,23,15,True,1.0492076691035082
M12,terthiophene,S_heteroaromatic,M12_C024,/content/drive/MyDrive/MLIP project/configs/M12_terthiophene/M12_C024.xyz,perturbed,2,0.125,0.051742580806432445,0.31152695917709317,0.10820280078117268,23,15,True,1.0674712539678564
M13,4_nitroaniline,donor_acceptor,M13_C001,/content/drive/MyDrive/MLIP project/configs/M13_4_nitroaniline/M13_C001.xyz,mmff_conformer,0,0.0,5.982981380632521e-16,0.0,0.0,16,10,True,1.015495095331862
M13,4_nitroaniline,donor_acceptor,M13_C002,/content/drive/MyDrive/MLIP project/configs/M13_4_nitroaniline/M13_C002.xyz,perturbed,0,0.125,0.05700298709522761,0.2619948565321259,0.10580987491687047,16,10,True,1.0042963866984778
M13,4_nitroaniline,donor_acceptor,M13_C003,/content/drive/MyDrive/MLIP project/configs/M13_4_nitroaniline/M13_C003.xyz,perturbed,0,0.125,0.05831320955007362,0.25681459162109077,0.11206301426608299,16,10,True,0.9866657248847016
M13,4_nitroaniline,donor_acceptor,M13_C004,/content/drive/MyDrive/MLIP project/configs/M13_4_nitroaniline/M13_C004.xyz,perturbed,0,0.125,0.050112948177588254,0.2137242537629363,0.1116631676822764,16,10,True,1.0382639733935233
M13,4_nitroaniline,donor_acceptor,M13_C005,/content/drive/MyDrive/MLIP project/configs/M13_4_nitroaniline/M13_C005.xyz,perturbed,0,0.1,0.051696507769711776,0.14661320425571994,0.08960910795206925,16,10,True,1.0129395583724563
M13,4_nitroaniline,donor_acceptor,M13_C006,/content/drive/MyDrive/MLIP project/configs/M13_4_nitroaniline/M13_C006.xyz,perturbed,0,0.125,0.05373541438158444,0.23748953956428326,0.113862999483997,16,10,True,1.02289408929477
M13,4_nitroaniline,donor_acceptor,M13_C007,/content/drive/MyDrive/MLIP project/configs/M13_4_nitroaniline/M13_C007.xyz,perturbed,0,0.125,0.05378615702913107,0.20424749655963334,0.1121476507520065,16,10,True,1.047075560291606
M13,4_nitroaniline,donor_acceptor,M13_C008,/content/drive/MyDrive/MLIP project/configs/M13_4_nitroaniline/M13_C008.xyz,perturbed,0,0.125,0.05412789120479156,0.2721508996475742,0.10648137791904277,16,10,True,1.050015492152813
M13,4_nitroaniline,donor_acceptor,M13_C009,/content/drive/MyDrive/MLIP project/configs/M13_4_nitroaniline/M13_C009.xyz,perturbed,0,0.1,0.05015244647915512,0.13121593878433482,0.0930150063045308,16,10,True,0.9501868372150841
M13,4_nitroaniline,donor_acceptor,M13_C010,/content/drive/MyDrive/MLIP project/configs/M13_4_nitroaniline/M13_C010.xyz,perturbed,0,0.125,0.052124759133013523,0.2015621221532941,0.10828890998567635,16,10,True,1.0293074349242286
M13,4_nitroaniline,donor_acceptor,M13_C011,/content/drive/MyDrive/MLIP project/configs/M13_4_nitroaniline/M13_C011.xyz,perturbed,0,0.125,0.057265564002254354,0.24734229589054554,0.10869955104181804,16,10,True,1.0143979102436158
M13,4_nitroaniline,donor_acceptor,M13_C012,/content/drive/MyDrive/MLIP project/configs/M13_4_nitroaniline/M13_C012.xyz,perturbed,0,0.125,0.054012801908451244,0.2321308603972991,0.11483348800679753,16,10,True,1.0458531066221615
M13,4_nitroaniline,donor_acceptor,M13_C013,/content/drive/MyDrive/MLIP project/configs/M13_4_nitroaniline/M13_C013.xyz,perturbed,0,0.125,0.057188723623516326,0.19923391767289939,0.1099066743612454,16,10,True,0.9843654339375095
M13,4_nitroaniline,donor_acceptor,M13_C014,/content/drive/MyDrive/MLIP project/configs/M13_4_nitroaniline/M13_C014.xyz,perturbed,0,0.125,0.05827048042020206,0.20352954389355463,0.10595796866569654,16,10,True,1.0142707237443898
M13,4_nitroaniline,donor_acceptor,M13_C015,/content/drive/MyDrive/MLIP project/configs/M13_4_nitroaniline/M13_C015.xyz,perturbed,0,0.125,0.050099101151137505,0.22111601393388355,0.11217591409153255,16,10,True,1.0608269227154379
M13,4_nitroaniline,donor_acceptor,M13_C016,/content/drive/MyDrive/MLIP project/configs/M13_4_nitroaniline/M13_C016.xyz,perturbed,0,0.125,0.05069028092482883,0.24585808101044906,0.10925450153877675,16,10,True,1.0153426646716297
M13,4_nitroaniline,donor_acceptor,M13_C017,/content/drive/MyDrive/MLIP project/configs/M13_4_nitroaniline/M13_C017.xyz,perturbed,0,0.125,0.058889888143994276,0.2589071851132338,0.11037402387047254,16,10,True,0.9985875514873691
M13,4_nitroaniline,donor_acceptor,M13_C018,/content/drive/MyDrive/MLIP project/configs/M13_4_nitroaniline/M13_C018.xyz,perturbed,0,0.125,0.061445893394942934,0.22585181514452815,0.11305939279287795,16,10,True,1.0070215705666825
M13,4_nitroaniline,donor_acceptor,M13_C019,/content/drive/MyDrive/MLIP project/configs/M13_4_nitroaniline/M13_C019.xyz,perturbed,0,0.125,0.052618227867045515,0.24379245667683103,0.11053438117765987,16,10,True,0.9617565665008996
M13,4_nitroaniline,donor_acceptor,M13_C020,/content/drive/MyDrive/MLIP project/configs/M13_4_nitroaniline/M13_C020.xyz,perturbed,0,0.125,0.050982533568737255,0.24056515319940977,0.11211535789581917,16,10,True,1.0151042576915597
M13,4_nitroaniline,donor_acceptor,M13_C021,/content/drive/MyDrive/MLIP project/configs/M13_4_nitroaniline/M13_C021.xyz,perturbed,0,0.125,0.06085626616745371,0.16946339579501146,0.11662843303316331,16,10,True,0.9886683125759584
M13,4_nitroaniline,donor_acceptor,M13_C022,/content/drive/MyDrive/MLIP project/configs/M13_4_nitroaniline/M13_C022.xyz,perturbed,0,0.125,0.06065659411375298,0.2368547742258237,0.1136415366805808,16,10,True,1.0319555142995782
M13,4_nitroaniline,donor_acceptor,M13_C023,/content/drive/MyDrive/MLIP project/configs/M13_4_nitroaniline/M13_C023.xyz,perturbed,0,0.125,0.06613371886490951,0.19214318344983922,0.11985289830019946,16,10,True,1.038309939397228
M13,4_nitroaniline,donor_acceptor,M13_C024,/content/drive/MyDrive/MLIP project/configs/M13_4_nitroaniline/M13_C024.xyz,perturbed,0,0.125,0.053733441914530326,0.20825699786353813,0.11383194433802066,16,10,True,1.0411805504229783
M14,4_dimethylaminobenzonitrile,donor_acceptor,M14_C001,/content/drive/MyDrive/MLIP project/configs/M14_4_dimethylaminobenzonitrile/M14_C001.xyz,mmff_conformer,0,0.0,5.764033211391978e-16,0.0,0.0,21,11,True,1.0861439233490222
M14,4_dimethylaminobenzonitrile,donor_acceptor,M14_C002,/content/drive/MyDrive/MLIP project/configs/M14_4_dimethylaminobenzonitrile/M14_C002.xyz,perturbed,0,0.125,0.05292699620837398,0.23308012929428662,0.11009382709321855,21,11,True,1.0523096718864404
M14,4_dimethylaminobenzonitrile,donor_acceptor,M14_C003,/content/drive/MyDrive/MLIP project/configs/M14_4_dimethylaminobenzonitrile/M14_C003.xyz,perturbed,0,0.125,0.05360666132014341,0.2798383918548235,0.10925034907297886,21,11,True,1.0159353992101676
M14,4_dimethylaminobenzonitrile,donor_acceptor,M14_C004,/content/drive/MyDrive/MLIP project/configs/M14_4_dimethylaminobenzonitrile/M14_C004.xyz,perturbed,0,0.125,0.054551096144890995,0.23630363929512582,0.11021982408882429,21,11,True,1.0838681278447637
M14,4_dimethylaminobenzonitrile,donor_acceptor,M14_C005,/content/drive/MyDrive/MLIP project/configs/M14_4_dimethylaminobenzonitrile/M14_C005.xyz,perturbed,0,0.125,0.05261233684394181,0.21620109750772049,0.11073619328136439,21,11,True,1.043552188139028
M14,4_dimethylaminobenzonitrile,donor_acceptor,M14_C006,/content/drive/MyDrive/MLIP project/configs/M14_4_dimethylaminobenzonitrile/M14_C006.xyz,perturbed,0,0.125,0.052470563702905364,0.21890260179556253,0.1096672309686211,21,11,True,1.0264280931076573
M14,4_dimethylaminobenzonitrile,donor_acceptor,M14_C007,/content/drive/MyDrive/MLIP project/configs/M14_4_dimethylaminobenzonitrile/M14_C007.xyz,perturbed,0,0.125,0.060652450042372595,0.19749761906417315,0.11507950350763908,21,11,True,1.049623116131387
M14,4_dimethylaminobenzonitrile,donor_acceptor,M14_C008,/content/drive/MyDrive/MLIP project/configs/M14_4_dimethylaminobenzonitrile/M14_C008.xyz,perturbed,0,0.125,0.052063848126669185,0.20624818391152488,0.1145462213112937,21,11,True,1.055906678461865
M14,4_dimethylaminobenzonitrile,donor_acceptor,M14_C009,/content/drive/MyDrive/MLIP project/configs/M14_4_dimethylaminobenzonitrile/M14_C009.xyz,perturbed,0,0.125,0.05102160067266893,0.20908029300402106,0.11039050979038979,21,11,True,1.0440731088032065
M14,4_dimethylaminobenzonitrile,donor_acceptor,M14_C010,/content/drive/MyDrive/MLIP project/configs/M14_4_dimethylaminobenzonitrile/M14_C010.xyz,perturbed,0,0.125,0.06212584499658433,0.2940044581855437,0.10841222805501462,21,11,True,1.0480606604640514
M14,4_dimethylaminobenzonitrile,donor_acceptor,M14_C011,/content/drive/MyDrive/MLIP project/configs/M14_4_dimethylaminobenzonitrile/M14_C011.xyz,perturbed,0,0.125,0.05006125851314129,0.23152781234400358,0.11127841158646644,21,11,True,1.0205680487259687
M14,4_dimethylaminobenzonitrile,donor_acceptor,M14_C012,/content/drive/MyDrive/MLIP project/configs/M14_4_dimethylaminobenzonitrile/M14_C012.xyz,perturbed,0,0.125,0.05404323507930722,0.21777211284235537,0.1063867953057699,21,11,True,1.0691794830369785
M14,4_dimethylaminobenzonitrile,donor_acceptor,M14_C013,/content/drive/MyDrive/MLIP project/configs/M14_4_dimethylaminobenzonitrile/M14_C013.xyz,perturbed,0,0.125,0.05165232687661383,0.2126345386394538,0.11283570090222172,21,11,True,1.0265246559575636
M14,4_dimethylaminobenzonitrile,donor_acceptor,M14_C014,/content/drive/MyDrive/MLIP project/configs/M14_4_dimethylaminobenzonitrile/M14_C014.xyz,perturbed,0,0.125,0.05148558679359236,0.24992442805468554,0.11341661273359353,21,11,True,1.0466015900340833
M14,4_dimethylaminobenzonitrile,donor_acceptor,M14_C015,/content/drive/MyDrive/MLIP project/configs/M14_4_dimethylaminobenzonitrile/M14_C015.xyz,perturbed,0,0.125,0.05223520796595245,0.2648723272641746,0.10728346004201336,21,11,True,1.029997357761788
M14,4_dimethylaminobenzonitrile,donor_acceptor,M14_C016,/content/drive/MyDrive/MLIP project/configs/M14_4_dimethylaminobenzonitrile/M14_C016.xyz,perturbed,0,0.125,0.05696095433607217,0.2965787099321524,0.11200252552781521,21,11,True,1.0697840714769264
M14,4_dimethylaminobenzonitrile,donor_acceptor,M14_C017,/content/drive/MyDrive/MLIP project/configs/M14_4_dimethylaminobenzonitrile/M14_C017.xyz,perturbed,0,0.125,0.05159868056738667,0.23293274473857,0.1111827730118469,21,11,True,1.0187383222840019
M14,4_dimethylaminobenzonitrile,donor_acceptor,M14_C018,/content/drive/MyDrive/MLIP project/configs/M14_4_dimethylaminobenzonitrile/M14_C018.xyz,perturbed,0,0.125,0.05131341278159279,0.21574381967833922,0.11191898932101052,21,11,True,1.0233061445796539
M14,4_dimethylaminobenzonitrile,donor_acceptor,M14_C019,/content/drive/MyDrive/MLIP project/configs/M14_4_dimethylaminobenzonitrile/M14_C019.xyz,perturbed,0,0.1,0.05174058336159838,0.16876583109859847,0.09365508209112405,21,11,True,1.0590758545974153
M14,4_dimethylaminobenzonitrile,donor_acceptor,M14_C020,/content/drive/MyDrive/MLIP project/configs/M14_4_dimethylaminobenzonitrile/M14_C020.xyz,perturbed,0,0.125,0.052007414758427996,0.2891328121529758,0.10769929674504866,21,11,True,1.062746565076438
M14,4_dimethylaminobenzonitrile,donor_acceptor,M14_C021,/content/drive/MyDrive/MLIP project/configs/M14_4_dimethylaminobenzonitrile/M14_C021.xyz,perturbed,0,0.125,0.06086102896038963,0.2204115183800334,0.11158954137078152,21,11,True,1.0422780168216381
M14,4_dimethylaminobenzonitrile,donor_acceptor,M14_C022,/content/drive/MyDrive/MLIP project/configs/M14_4_dimethylaminobenzonitrile/M14_C022.xyz,perturbed,0,0.125,0.05314083309847348,0.25220908186164726,0.10855938598644971,21,11,True,1.079354082203877
M14,4_dimethylaminobenzonitrile,donor_acceptor,M14_C023,/content/drive/MyDrive/MLIP project/configs/M14_4_dimethylaminobenzonitrile/M14_C023.xyz,perturbed,0,0.125,0.05232818333975893,0.2349638653496889,0.1139921070027606,21,11,True,0.9987753254661046
M14,4_dimethylaminobenzonitrile,donor_acceptor,M14_C024,/content/drive/MyDrive/MLIP project/configs/M14_4_dimethylaminobenzonitrile/M14_C024.xyz,perturbed,0,0.125,0.05132388221034286,0.23524150324161866,0.11509758653602384,21,11,True,1.0302524211584443
M15,4_nitrostyrene,donor_acceptor,M15_C001,/content/drive/MyDrive/MLIP project/configs/M15_4_nitrostyrene/M15_C001.xyz,mmff_conformer,0,0.0,3.413569946357836e-16,0.0,0.0,18,11,True,1.0832686716887132
M15,4_nitrostyrene,donor_acceptor,M15_C002,/content/drive/MyDrive/MLIP project/configs/M15_4_nitrostyrene/M15_C002.xyz,perturbed,0,0.125,0.05335217625280089,0.27471008200828906,0.11058783018887097,18,11,True,1.0207795926475667
M15,4_nitrostyrene,donor_acceptor,M15_C003,/content/drive/MyDrive/MLIP project/configs/M15_4_nitrostyrene/M15_C003.xyz,perturbed,0,0.125,0.058399284272711176,0.2018573070196118,0.11102425070385252,18,11,True,1.022905936111651
M15,4_nitrostyrene,donor_acceptor,M15_C004,/content/drive/MyDrive/MLIP project/configs/M15_4_nitrostyrene/M15_C004.xyz,perturbed,0,0.125,0.050311466150876324,0.24809448828852806,0.11008000902743992,18,11,True,1.0767811073607187
M15,4_nitrostyrene,donor_acceptor,M15_C005,/content/drive/MyDrive/MLIP project/configs/M15_4_nitrostyrene/M15_C005.xyz,perturbed,0,0.125,0.059899071327495744,0.19130272777913182,0.11563269786256274,18,11,True,0.9959015779032502
M15,4_nitrostyrene,donor_acceptor,M15_C006,/content/drive/MyDrive/MLIP project/configs/M15_4_nitrostyrene/M15_C006.xyz,perturbed,0,0.125,0.057046206164159695,0.2553808725101325,0.1128190784475655,18,11,True,1.0617436151942
M15,4_nitrostyrene,donor_acceptor,M15_C007,/content/drive/MyDrive/MLIP project/configs/M15_4_nitrostyrene/M15_C007.xyz,perturbed,0,0.125,0.05621674804117468,0.2544129072622564,0.11126972871729664,18,11,True,1.0683930641847192
M15,4_nitrostyrene,donor_acceptor,M15_C008,/content/drive/MyDrive/MLIP project/configs/M15_4_nitrostyrene/M15_C008.xyz,perturbed,0,0.125,0.062045837448467624,0.2152617457665912,0.11221079451046585,18,11,True,0.9834420520451378
M15,4_nitrostyrene,donor_acceptor,M15_C009,/content/drive/MyDrive/MLIP project/configs/M15_4_nitrostyrene/M15_C009.xyz,perturbed,0,0.125,0.05567292174628596,0.2704149538965216,0.1067543736558745,18,11,True,1.0494118689309921
M15,4_nitrostyrene,donor_acceptor,M15_C010,/content/drive/MyDrive/MLIP project/configs/M15_4_nitrostyrene/M15_C010.xyz,perturbed,0,0.125,0.05253891753293149,0.23229039345178662,0.11289442803090995,18,11,True,1.041221888152671
M15,4_nitrostyrene,donor_acceptor,M15_C011,/content/drive/MyDrive/MLIP project/configs/M15_4_nitrostyrene/M15_C011.xyz,perturbed,0,0.125,0.05765655405999202,0.23529649673127923,0.11482513124143728,18,11,True,1.0137862524314531
M15,4_nitrostyrene,donor_acceptor,M15_C012,/content/drive/MyDrive/MLIP project/configs/M15_4_nitrostyrene/M15_C012.xyz,perturbed,0,0.1,0.05203199479119859,0.16465495027374752,0.09321511998525858,18,11,True,1.0677697173229048
M15,4_nitrostyrene,donor_acceptor,M15_C013,/content/drive/MyDrive/MLIP project/configs/M15_4_nitrostyrene/M15_C013.xyz,perturbed,0,0.125,0.0510427271799439,0.28721741316351346,0.10452010051591804,18,11,True,1.038299057523753
M15,4_nitrostyrene,donor_acceptor,M15_C014,/content/drive/MyDrive/MLIP project/configs/M15_4_nitrostyrene/M15_C014.xyz,perturbed,0,0.125,0.05280839119933511,0.2048652673120715,0.11363957780330369,18,11,True,1.0540290187776409
M15,4_nitrostyrene,donor_acceptor,M15_C015,/content/drive/MyDrive/MLIP project/configs/M15_4_nitrostyrene/M15_C015.xyz,perturbed,0,0.1,0.05004277407068235,0.15883407525893922,0.08858393343387827,18,11,True,1.0733303551645352
M15,4_nitrostyrene,donor_acceptor,M15_C016,/content/drive/MyDrive/MLIP project/configs/M15_4_nitrostyrene/M15_C016.xyz,perturbed,0,0.125,0.053012549869629895,0.17806850306830316,0.11191189055994001,18,11,True,1.0619992939207594
M15,4_nitrostyrene,donor_acceptor,M15_C017,/content/drive/MyDrive/MLIP project/configs/M15_4_nitrostyrene/M15_C017.xyz,perturbed,0,0.125,0.05800737560936817,0.18695033906699163,0.11456015911452942,18,11,True,1.048444404068791
M15,4_nitrostyrene,donor_acceptor,M15_C018,/content/drive/MyDrive/MLIP project/configs/M15_4_nitrostyrene/M15_C018.xyz,perturbed,0,0.125,0.0547595581113847,0.24693761583276427,0.11270555660943475,18,11,True,1.0463204041875283
M15,4_nitrostyrene,donor_acceptor,M15_C019,/content/drive/MyDrive/MLIP project/configs/M15_4_nitrostyrene/M15_C019.xyz,perturbed,0,0.125,0.051967588156186253,0.22909596393430418,0.1108215591004489,18,11,True,1.0604239812825313
M15,4_nitrostyrene,donor_acceptor,M15_C020,/content/drive/MyDrive/MLIP project/configs/M15_4_nitrostyrene/M15_C020.xyz,perturbed,0,0.125,0.06034634976668954,0.24238924148701677,0.10775016930152505,18,11,True,1.024442555725148
M15,4_nitrostyrene,donor_acceptor,M15_C021,/content/drive/MyDrive/MLIP project/configs/M15_4_nitrostyrene/M15_C021.xyz,perturbed,0,0.125,0.05119652020368061,0.21590333320830768,0.11311502140036102,18,11,True,1.0335125889442038
M15,4_nitrostyrene,donor_acceptor,M15_C022,/content/drive/MyDrive/MLIP project/configs/M15_4_nitrostyrene/M15_C022.xyz,perturbed,0,0.1,0.05084412799008195,0.17731051246479632,0.0937070447881992,18,11,True,1.0593570540292576
M15,4_nitrostyrene,donor_acceptor,M15_C023,/content/drive/MyDrive/MLIP project/configs/M15_4_nitrostyrene/M15_C023.xyz,perturbed,0,0.125,0.0516441457706957,0.21837656547573525,0.11064183647704547,18,11,True,1.0475224460322026
M15,4_nitrostyrene,donor_acceptor,M15_C024,/content/drive/MyDrive/MLIP project/configs/M15_4_nitrostyrene/M15_C024.xyz,perturbed,0,0.125,0.05435768574430091,0.20157976126770355,0.11030589871024424,18,11,True,1.0250855855037035
M16,2_4_nitrophenyl_thiophene,donor_acceptor,M16_C001,/content/drive/MyDrive/MLIP project/configs/M16_2_4_nitrophenyl_thiophene/M16_C001.xyz,mmff_conformer,0,0.0,7.625277957829018e-16,0.0,0.0,21,14,True,1.0814301159527773
M16,2_4_nitrophenyl_thiophene,donor_acceptor,M16_C002,/content/drive/MyDrive/MLIP project/configs/M16_2_4_nitrophenyl_thiophene/M16_C002.xyz,perturbed,0,0.125,0.05974268077870554,0.2898149038468733,0.10507497880894937,21,14,True,1.0492482909092165
M16,2_4_nitrophenyl_thiophene,donor_acceptor,M16_C003,/content/drive/MyDrive/MLIP project/configs/M16_2_4_nitrophenyl_thiophene/M16_C003.xyz,perturbed,0,0.125,0.052958762785487744,0.23688716737494994,0.10796494313921315,21,14,True,1.0821605330386534
M16,2_4_nitrophenyl_thiophene,donor_acceptor,M16_C004,/content/drive/MyDrive/MLIP project/configs/M16_2_4_nitrophenyl_thiophene/M16_C004.xyz,perturbed,0,0.1,0.057385280806532296,0.18738432312210426,0.0901785377959915,21,14,True,1.041148941515618
M16,2_4_nitrophenyl_thiophene,donor_acceptor,M16_C005,/content/drive/MyDrive/MLIP project/configs/M16_2_4_nitrophenyl_thiophene/M16_C005.xyz,perturbed,0,0.125,0.053813100246774666,0.20192605123409815,0.11056214291575041,21,14,True,1.0007138024798434
M16,2_4_nitrophenyl_thiophene,donor_acceptor,M16_C006,/content/drive/MyDrive/MLIP project/configs/M16_2_4_nitrophenyl_thiophene/M16_C006.xyz,perturbed,0,0.125,0.054080989110351196,0.23968256785713082,0.11061318053498294,21,14,True,1.0402068762080001
M16,2_4_nitrophenyl_thiophene,donor_acceptor,M16_C007,/content/drive/MyDrive/MLIP project/configs/M16_2_4_nitrophenyl_thiophene/M16_C007.xyz,perturbed,0,0.125,0.05056870588975583,0.2657542754069743,0.11050648857711003,21,14,True,1.0498670187122148
M16,2_4_nitrophenyl_thiophene,donor_acceptor,M16_C008,/content/drive/MyDrive/MLIP project/configs/M16_2_4_nitrophenyl_thiophene/M16_C008.xyz,perturbed,0,0.125,0.05758004935367408,0.21102571508914353,0.11281862451626495,21,14,True,1.0570720243320046
M16,2_4_nitrophenyl_thiophene,donor_acceptor,M16_C009,/content/drive/MyDrive/MLIP project/configs/M16_2_4_nitrophenyl_thiophene/M16_C009.xyz,perturbed,0,0.125,0.05441169715327878,0.2965839699846721,0.1060183303491989,21,14,True,0.9763556417792679
M16,2_4_nitrophenyl_thiophene,donor_acceptor,M16_C010,/content/drive/MyDrive/MLIP project/configs/M16_2_4_nitrophenyl_thiophene/M16_C010.xyz,perturbed,0,0.125,0.053722441094855064,0.24804692656510216,0.10463489746170003,21,14,True,1.080502682129546
M16,2_4_nitrophenyl_thiophene,donor_acceptor,M16_C011,/content/drive/MyDrive/MLIP project/configs/M16_2_4_nitrophenyl_thiophene/M16_C011.xyz,perturbed,0,0.125,0.05523230394413792,0.24793461826254812,0.10839607742202488,21,14,True,1.0501405152859593
M16,2_4_nitrophenyl_thiophene,donor_acceptor,M16_C012,/content/drive/MyDrive/MLIP project/configs/M16_2_4_nitrophenyl_thiophene/M16_C012.xyz,perturbed,0,0.125,0.05363886944285501,0.2177385294423432,0.10958923242944155,21,14,True,0.9891406173194593
M16,2_4_nitrophenyl_thiophene,donor_acceptor,M16_C013,/content/drive/MyDrive/MLIP project/configs/M16_2_4_nitrophenyl_thiophene/M16_C013.xyz,perturbed,0,0.125,0.052484251527726226,0.281337050854513,0.10493933795735362,21,14,True,1.0500583522965055
M16,2_4_nitrophenyl_thiophene,donor_acceptor,M16_C014,/content/drive/MyDrive/MLIP project/configs/M16_2_4_nitrophenyl_thiophene/M16_C014.xyz,perturbed,0,0.125,0.05269612412547414,0.2603813107523984,0.10906204597676436,21,14,True,1.0450111210003263
M16,2_4_nitrophenyl_thiophene,donor_acceptor,M16_C015,/content/drive/MyDrive/MLIP project/configs/M16_2_4_nitrophenyl_thiophene/M16_C015.xyz,perturbed,0,0.125,0.05956533468113152,0.2655888045337883,0.11077222895222369,21,14,True,1.0239587283924323
M16,2_4_nitrophenyl_thiophene,donor_acceptor,M16_C016,/content/drive/MyDrive/MLIP project/configs/M16_2_4_nitrophenyl_thiophene/M16_C016.xyz,perturbed,0,0.125,0.0509391396786042,0.32175510837555105,0.10730999126601133,21,14,True,1.043208355476458
M16,2_4_nitrophenyl_thiophene,donor_acceptor,M16_C017,/content/drive/MyDrive/MLIP project/configs/M16_2_4_nitrophenyl_thiophene/M16_C017.xyz,perturbed,0,0.125,0.0524564879718525,0.24275531156210706,0.10670430412323997,21,14,True,1.0418241004878341
M16,2_4_nitrophenyl_thiophene,donor_acceptor,M16_C018,/content/drive/MyDrive/MLIP project/configs/M16_2_4_nitrophenyl_thiophene/M16_C018.xyz,perturbed,0,0.1,0.05381421771953473,0.16715292999145556,0.09291278851795394,21,14,True,1.049305039741783
M16,2_4_nitrophenyl_thiophene,donor_acceptor,M16_C019,/content/drive/MyDrive/MLIP project/configs/M16_2_4_nitrophenyl_thiophene/M16_C019.xyz,perturbed,0,0.125,0.06710837600852766,0.21096444257433375,0.11749014569063984,21,14,True,1.0425303207030245
M16,2_4_nitrophenyl_thiophene,donor_acceptor,M16_C020,/content/drive/MyDrive/MLIP project/configs/M16_2_4_nitrophenyl_thiophene/M16_C020.xyz,perturbed,0,0.125,0.0541521506387618,0.24643717572574383,0.11246080758509863,21,14,True,1.0458762712050211
M16,2_4_nitrophenyl_thiophene,donor_acceptor,M16_C021,/content/drive/MyDrive/MLIP project/configs/M16_2_4_nitrophenyl_thiophene/M16_C021.xyz,perturbed,0,0.125,0.06536691929203782,0.21405722092192214,0.11646798101650371,21,14,True,1.034684369054306
M16,2_4_nitrophenyl_thiophene,donor_acceptor,M16_C022,/content/drive/MyDrive/MLIP project/configs/M16_2_4_nitrophenyl_thiophene/M16_C022.xyz,perturbed,0,0.125,0.0564478274154094,0.3435236057971012,0.09909449826415233,21,14,True,1.0696002735849148
M16,2_4_nitrophenyl_thiophene,donor_acceptor,M16_C023,/content/drive/MyDrive/MLIP project/configs/M16_2_4_nitrophenyl_thiophene/M16_C023.xyz,perturbed,0,0.125,0.05861755792765361,0.26688487444349035,0.10957015895473031,21,14,True,1.0346111861270133
M16,2_4_nitrophenyl_thiophene,donor_acceptor,M16_C024,/content/drive/MyDrive/MLIP project/configs/M16_2_4_nitrophenyl_thiophene/M16_C024.xyz,perturbed,0,0.1,0.05100115044352682,0.1744951991689042,0.08937207366703166,21,14,True,1.05166324730552
M17,fluorobenzene,fluorinated,M17_C001,/content/drive/MyDrive/MLIP project/configs/M17_fluorobenzene/M17_C001.xyz,mmff_conformer,0,0.0,2.4834179185521535e-16,0.0,0.0,12,7,True,1.085046324522754
M17,fluorobenzene,fluorinated,M17_C002,/content/drive/MyDrive/MLIP project/configs/M17_fluorobenzene/M17_C002.xyz,perturbed,0,0.1,0.05056549741834869,0.15519231673319414,0.08719571798893973,12,7,True,1.047216967702922
M17,fluorobenzene,fluorinated,M17_C003,/content/drive/MyDrive/MLIP project/configs/M17_fluorobenzene/M17_C003.xyz,perturbed,0,0.125,0.05690646446026801,0.2430830772901926,0.10918137050157523,12,7,True,1.0986413401557855
M17,fluorobenzene,fluorinated,M17_C004,/content/drive/MyDrive/MLIP project/configs/M17_fluorobenzene/M17_C004.xyz,perturbed,0,0.125,0.05075395477862532,0.21090821800293366,0.11361755583643081,12,7,True,1.0267915770167277
M17,fluorobenzene,fluorinated,M17_C005,/content/drive/MyDrive/MLIP project/configs/M17_fluorobenzene/M17_C005.xyz,perturbed,0,0.125,0.05857718893154609,0.1798456599080041,0.11696166502869294,12,7,True,1.0270736701836156
M17,fluorobenzene,fluorinated,M17_C006,/content/drive/MyDrive/MLIP project/configs/M17_fluorobenzene/M17_C006.xyz,perturbed,0,0.125,0.05459209824564842,0.2577381135091658,0.10692912684487976,12,7,True,1.0458087838249857
M17,fluorobenzene,fluorinated,M17_C007,/content/drive/MyDrive/MLIP project/configs/M17_fluorobenzene/M17_C007.xyz,perturbed,0,0.125,0.05309455286787747,0.18181530921066483,0.11763185251669023,12,7,True,0.9971801072674662
M17,fluorobenzene,fluorinated,M17_C008,/content/drive/MyDrive/MLIP project/configs/M17_fluorobenzene/M17_C008.xyz,perturbed,0,0.125,0.05586747689341085,0.20655728719201702,0.11295682474307044,12,7,True,1.0738721206649762
M17,fluorobenzene,fluorinated,M17_C009,/content/drive/MyDrive/MLIP project/configs/M17_fluorobenzene/M17_C009.xyz,perturbed,0,0.125,0.05136504728217654,0.19229649779782834,0.11477658829875488,12,7,True,1.0522489128337968
M17,fluorobenzene,fluorinated,M17_C010,/content/drive/MyDrive/MLIP project/configs/M17_fluorobenzene/M17_C010.xyz,perturbed,0,0.125,0.05388710102929343,0.24433028606936844,0.11083322414246967,12,7,True,1.0394007017043223
M17,fluorobenzene,fluorinated,M17_C011,/content/drive/MyDrive/MLIP project/configs/M17_fluorobenzene/M17_C011.xyz,perturbed,0,0.125,0.052348210441741656,0.24841025588741586,0.10500201377613756,12,7,True,1.073629827340706
M17,fluorobenzene,fluorinated,M17_C012,/content/drive/MyDrive/MLIP project/configs/M17_fluorobenzene/M17_C012.xyz,perturbed,0,0.125,0.053242986508475115,0.21161449895298443,0.11345453098492549,12,7,True,1.0621950256678245
M17,fluorobenzene,fluorinated,M17_C013,/content/drive/MyDrive/MLIP project/configs/M17_fluorobenzene/M17_C013.xyz,perturbed,0,0.125,0.06171639300488215,0.1516128763550192,0.11711953823814951,12,7,True,1.0606171274557388
M17,fluorobenzene,fluorinated,M17_C014,/content/drive/MyDrive/MLIP project/configs/M17_fluorobenzene/M17_C014.xyz,perturbed,0,0.125,0.05014975676530508,0.22791883803739205,0.11356004100459759,12,7,True,1.0237674008129525
M17,fluorobenzene,fluorinated,M17_C015,/content/drive/MyDrive/MLIP project/configs/M17_fluorobenzene/M17_C015.xyz,perturbed,0,0.125,0.05835312162648889,0.25419205635757636,0.11100762599597998,12,7,True,1.043067405711831
M17,fluorobenzene,fluorinated,M17_C016,/content/drive/MyDrive/MLIP project/configs/M17_fluorobenzene/M17_C016.xyz,perturbed,0,0.125,0.05528183674915455,0.1887919910152984,0.10947772510561715,12,7,True,1.034702264933804
M17,fluorobenzene,fluorinated,M17_C017,/content/drive/MyDrive/MLIP project/configs/M17_fluorobenzene/M17_C017.xyz,perturbed,0,0.125,0.05404881288910337,0.18201591071412845,0.11208692324349201,12,7,True,0.9697455880750583
M17,fluorobenzene,fluorinated,M17_C018,/content/drive/MyDrive/MLIP project/configs/M17_fluorobenzene/M17_C018.xyz,perturbed,0,0.125,0.05582907061115791,0.19359027318220343,0.11438625799594665,12,7,True,1.027089786465263
M17,fluorobenzene,fluorinated,M17_C019,/content/drive/MyDrive/MLIP project/configs/M17_fluorobenzene/M17_C019.xyz,perturbed,0,0.125,0.05781748235838134,0.19693439840035307,0.11734844205030322,12,7,True,1.0926702215217095
M17,fluorobenzene,fluorinated,M17_C020,/content/drive/MyDrive/MLIP project/configs/M17_fluorobenzene/M17_C020.xyz,perturbed,0,0.125,0.0527931976747493,0.19986492932515632,0.11027101584494732,12,7,True,1.0576797630740056
M17,fluorobenzene,fluorinated,M17_C021,/content/drive/MyDrive/MLIP project/configs/M17_fluorobenzene/M17_C021.xyz,perturbed,0,0.1,0.05588511614165406,0.13005566924150258,0.09678068494848117,12,7,True,1.0322668578232903
M17,fluorobenzene,fluorinated,M17_C022,/content/drive/MyDrive/MLIP project/configs/M17_fluorobenzene/M17_C022.xyz,perturbed,0,0.125,0.05137965226572351,0.19042524414266537,0.10779966357576266,12,7,True,1.012192593129317
M17,fluorobenzene,fluorinated,M17_C023,/content/drive/MyDrive/MLIP project/configs/M17_fluorobenzene/M17_C023.xyz,perturbed,0,0.125,0.05534657923186074,0.2445496532398799,0.11253430636752708,12,7,True,1.0124827404056254
M17,fluorobenzene,fluorinated,M17_C024,/content/drive/MyDrive/MLIP project/configs/M17_fluorobenzene/M17_C024.xyz,perturbed,0,0.125,0.05176336696397481,0.2033517000505471,0.11506596462082692,12,7,True,0.9890754864759209
M18,1_4_difluorobenzene,fluorinated,M18_C001,/content/drive/MyDrive/MLIP project/configs/M18_1_4_difluorobenzene/M18_C001.xyz,mmff_conformer,0,0.0,1.8203923444615189e-16,0.0,0.0,12,8,True,1.0853084700665103
M18,1_4_difluorobenzene,fluorinated,M18_C002,/content/drive/MyDrive/MLIP project/configs/M18_1_4_difluorobenzene/M18_C002.xyz,perturbed,0,0.125,0.05062132233495479,0.21828996034388795,0.11166265579210498,12,8,True,1.084704318006949
M18,1_4_difluorobenzene,fluorinated,M18_C003,/content/drive/MyDrive/MLIP project/configs/M18_1_4_difluorobenzene/M18_C003.xyz,perturbed,0,0.125,0.06727706223318682,0.1941715707230907,0.11694596101755045,12,8,True,1.0354344330066538
M18,1_4_difluorobenzene,fluorinated,M18_C004,/content/drive/MyDrive/MLIP project/configs/M18_1_4_difluorobenzene/M18_C004.xyz,perturbed,0,0.125,0.05466661355352338,0.184166956201111,0.1105521963110352,12,8,True,1.0403951290202025
M18,1_4_difluorobenzene,fluorinated,M18_C005,/content/drive/MyDrive/MLIP project/configs/M18_1_4_difluorobenzene/M18_C005.xyz,perturbed,0,0.125,0.057708999260699605,0.20921960983167276,0.10720394867521743,12,8,True,0.9882919866142974
M18,1_4_difluorobenzene,fluorinated,M18_C006,/content/drive/MyDrive/MLIP project/configs/M18_1_4_difluorobenzene/M18_C006.xyz,perturbed,0,0.125,0.05500818750509662,0.19529560790530892,0.10757015186373359,12,8,True,0.9733201147456382
M18,1_4_difluorobenzene,fluorinated,M18_C007,/content/drive/MyDrive/MLIP project/configs/M18_1_4_difluorobenzene/M18_C007.xyz,perturbed,0,0.1,0.052004812187874304,0.14161859159110396,0.09390120639652477,12,8,True,1.0224434006806942
M18,1_4_difluorobenzene,fluorinated,M18_C008,/content/drive/MyDrive/MLIP project/configs/M18_1_4_difluorobenzene/M18_C008.xyz,perturbed,0,0.125,0.058270554462049,0.19665775162246635,0.11143159031374729,12,8,True,1.0894001776307354
M18,1_4_difluorobenzene,fluorinated,M18_C009,/content/drive/MyDrive/MLIP project/configs/M18_1_4_difluorobenzene/M18_C009.xyz,perturbed,0,0.125,0.05909423481331564,0.20378098898084548,0.11474636997299635,12,8,True,1.0543550861768007
M18,1_4_difluorobenzene,fluorinated,M18_C010,/content/drive/MyDrive/MLIP project/configs/M18_1_4_difluorobenzene/M18_C010.xyz,perturbed,0,0.125,0.05464690314407652,0.19801715913956106,0.10821859153080841,12,8,True,1.035767378693501
M18,1_4_difluorobenzene,fluorinated,M18_C011,/content/drive/MyDrive/MLIP project/configs/M18_1_4_difluorobenzene/M18_C011.xyz,perturbed,0,0.125,0.05645281082620028,0.20784517213051085,0.1134719596766538,12,8,True,1.1031355332357946
M18,1_4_difluorobenzene,fluorinated,M18_C012,/content/drive/MyDrive/MLIP project/configs/M18_1_4_difluorobenzene/M18_C012.xyz,perturbed,0,0.125,0.0659727440859493,0.23177292971267352,0.11235156342414089,12,8,True,1.0737537511926543
M18,1_4_difluorobenzene,fluorinated,M18_C013,/content/drive/MyDrive/MLIP project/configs/M18_1_4_difluorobenzene/M18_C013.xyz,perturbed,0,0.1,0.05005576465086425,0.15080162312235693,0.09026165207330122,12,8,True,1.0503796965052248
M18,1_4_difluorobenzene,fluorinated,M18_C014,/content/drive/MyDrive/MLIP project/configs/M18_1_4_difluorobenzene/M18_C014.xyz,perturbed,0,0.125,0.06337940619252426,0.17410025665543172,0.11571777750980768,12,8,True,1.054053107505624
M18,1_4_difluorobenzene,fluorinated,M18_C015,/content/drive/MyDrive/MLIP project/configs/M18_1_4_difluorobenzene/M18_C015.xyz,perturbed,0,0.125,0.05930286476611508,0.18723704838523328,0.10627884144329779,12,8,True,1.0707591143934279
M18,1_4_difluorobenzene,fluorinated,M18_C016,/content/drive/MyDrive/MLIP project/configs/M18_1_4_difluorobenzene/M18_C016.xyz,perturbed,0,0.125,0.06012540876999881,0.22455083165468348,0.11166410328822367,12,8,True,1.0173845775602064
M18,1_4_difluorobenzene,fluorinated,M18_C017,/content/drive/MyDrive/MLIP project/configs/M18_1_4_difluorobenzene/M18_C017.xyz,perturbed,0,0.125,0.06285416254350007,0.23393173484209337,0.11117015176053839,12,8,True,0.9681627424370806
M18,1_4_difluorobenzene,fluorinated,M18_C018,/content/drive/MyDrive/MLIP project/configs/M18_1_4_difluorobenzene/M18_C018.xyz,perturbed,0,0.125,0.053139733910654754,0.21802018701369336,0.11168309233741303,12,8,True,1.046803498417272
M18,1_4_difluorobenzene,fluorinated,M18_C019,/content/drive/MyDrive/MLIP project/configs/M18_1_4_difluorobenzene/M18_C019.xyz,perturbed,0,0.125,0.05420983258313111,0.2169497323423688,0.11329361314228736,12,8,True,1.0731648964339608
M18,1_4_difluorobenzene,fluorinated,M18_C020,/content/drive/MyDrive/MLIP project/configs/M18_1_4_difluorobenzene/M18_C020.xyz,perturbed,0,0.125,0.05347767774919492,0.21414724820766678,0.11364963009829053,12,8,True,1.022827302407854
M18,1_4_difluorobenzene,fluorinated,M18_C021,/content/drive/MyDrive/MLIP project/configs/M18_1_4_difluorobenzene/M18_C021.xyz,perturbed,0,0.125,0.05150514754283116,0.17667419844024224,0.11405894030409136,12,8,True,1.0469118929953296
M18,1_4_difluorobenzene,fluorinated,M18_C022,/content/drive/MyDrive/MLIP project/configs/M18_1_4_difluorobenzene/M18_C022.xyz,perturbed,0,0.125,0.054045402078483955,0.2338097510478112,0.10686726844595656,12,8,True,1.054438132803821
M18,1_4_difluorobenzene,fluorinated,M18_C023,/content/drive/MyDrive/MLIP project/configs/M18_1_4_difluorobenzene/M18_C023.xyz,perturbed,0,0.125,0.052391008521159146,0.2028790577232798,0.11170001785912796,12,8,True,1.0555491814554254
M18,1_4_difluorobenzene,fluorinated,M18_C024,/content/drive/MyDrive/MLIP project/configs/M18_1_4_difluorobenzene/M18_C024.xyz,perturbed,0,0.125,0.06267263892379249,0.22451338486915004,0.11747674444935748,12,8,True,1.0204618524244058
M19,2_fluorothiophene,fluorinated,M19_C001,/content/drive/MyDrive/MLIP project/configs/M19_2_fluorothiophene/M19_C001.xyz,mmff_conformer,0,0.0,1.3748283968435996e-16,0.0,0.0,9,6,True,1.081579180940131
M19,2_fluorothiophene,fluorinated,M19_C002,/content/drive/MyDrive/MLIP project/configs/M19_2_fluorothiophene/M19_C002.xyz,perturbed,0,0.125,0.05259671164736288,0.20596067280078337,0.10097428551319435,9,6,True,1.059833111839008
M19,2_fluorothiophene,fluorinated,M19_C003,/content/drive/MyDrive/MLIP project/configs/M19_2_fluorothiophene/M19_C003.xyz,perturbed,0,0.125,0.05309208809657778,0.21679996514865396,0.11421826454033528,9,6,True,1.043683837548187
M19,2_fluorothiophene,fluorinated,M19_C004,/content/drive/MyDrive/MLIP project/configs/M19_2_fluorothiophene/M19_C004.xyz,perturbed,0,0.1,0.053725969943696245,0.12981994743606318,0.09212624383322891,9,6,True,1.0074978140591726
M19,2_fluorothiophene,fluorinated,M19_C005,/content/drive/MyDrive/MLIP project/configs/M19_2_fluorothiophene/M19_C005.xyz,perturbed,0,0.125,0.05598593786064573,0.22260636287838534,0.11036964557202054,9,6,True,1.0002310510285222
M19,2_fluorothiophene,fluorinated,M19_C006,/content/drive/MyDrive/MLIP project/configs/M19_2_fluorothiophene/M19_C006.xyz,perturbed,0,0.125,0.05655040145920344,0.19448261845710488,0.10910866717031646,9,6,True,1.09197991146182
M19,2_fluorothiophene,fluorinated,M19_C007,/content/drive/MyDrive/MLIP project/configs/M19_2_fluorothiophene/M19_C007.xyz,perturbed,0,0.125,0.05060647152330253,0.22261244725685445,0.1113030095845638,9,6,True,1.0756773328676763
M19,2_fluorothiophene,fluorinated,M19_C008,/content/drive/MyDrive/MLIP project/configs/M19_2_fluorothiophene/M19_C008.xyz,perturbed,0,0.1,0.05074110553368566,0.16483745901791105,0.08777501988022293,9,6,True,1.0871684066959062
M19,2_fluorothiophene,fluorinated,M19_C009,/content/drive/MyDrive/MLIP project/configs/M19_2_fluorothiophene/M19_C009.xyz,perturbed,0,0.1,0.05208133279170166,0.14852595091576526,0.09194061887696232,9,6,True,1.0470412802118634
M19,2_fluorothiophene,fluorinated,M19_C010,/content/drive/MyDrive/MLIP project/configs/M19_2_fluorothiophene/M19_C010.xyz,perturbed,0,0.125,0.05139153487322962,0.18580763617643054,0.11405860849040717,9,6,True,1.1595857226715762
M19,2_fluorothiophene,fluorinated,M19_C011,/content/drive/MyDrive/MLIP project/configs/M19_2_fluorothiophene/M19_C011.xyz,perturbed,0,0.125,0.05425985384521287,0.19028292185733822,0.10800906877020772,9,6,True,1.0431677609997896
M19,2_fluorothiophene,fluorinated,M19_C012,/content/drive/MyDrive/MLIP project/configs/M19_2_fluorothiophene/M19_C012.xyz,perturbed,0,0.125,0.05559802649411068,0.1867715493639431,0.11385989170528348,9,6,True,1.0233965112370107
M19,2_fluorothiophene,fluorinated,M19_C013,/content/drive/MyDrive/MLIP project/configs/M19_2_fluorothiophene/M19_C013.xyz,perturbed,0,0.1,0.05423974826265709,0.13383397600331212,0.0967789312648554,9,6,True,1.0760700100012819
M19,2_fluorothiophene,fluorinated,M19_C014,/content/drive/MyDrive/MLIP project/configs/M19_2_fluorothiophene/M19_C014.xyz,perturbed,0,0.125,0.05126652251100963,0.20212355611417157,0.11283046479328528,9,6,True,1.0579267183605325
M19,2_fluorothiophene,fluorinated,M19_C015,/content/drive/MyDrive/MLIP project/configs/M19_2_fluorothiophene/M19_C015.xyz,perturbed,0,0.125,0.0615684606713,0.17743113970796234,0.11754847118021816,9,6,True,1.0164141752087144
M19,2_fluorothiophene,fluorinated,M19_C016,/content/drive/MyDrive/MLIP project/configs/M19_2_fluorothiophene/M19_C016.xyz,perturbed,0,0.1,0.05067586752236036,0.15550759771432626,0.09067275820218137,9,6,True,1.0570251777318105
M19,2_fluorothiophene,fluorinated,M19_C017,/content/drive/MyDrive/MLIP project/configs/M19_2_fluorothiophene/M19_C017.xyz,perturbed,0,0.125,0.0518700139632678,0.21179145723346604,0.11129901679490792,9,6,True,1.0140230358411124
M19,2_fluorothiophene,fluorinated,M19_C018,/content/drive/MyDrive/MLIP project/configs/M19_2_fluorothiophene/M19_C018.xyz,perturbed,0,0.125,0.05098826008302146,0.2076539658225864,0.1015233309409159,9,6,True,1.1011492719155134
M19,2_fluorothiophene,fluorinated,M19_C019,/content/drive/MyDrive/MLIP project/configs/M19_2_fluorothiophene/M19_C019.xyz,perturbed,0,0.125,0.060091257133551575,0.1748168105703777,0.11060349356791771,9,6,True,0.988215103116854
M19,2_fluorothiophene,fluorinated,M19_C020,/content/drive/MyDrive/MLIP project/configs/M19_2_fluorothiophene/M19_C020.xyz,perturbed,0,0.125,0.054042884590735564,0.17669000312678243,0.10919458922455864,9,6,True,1.0030243129535068
M19,2_fluorothiophene,fluorinated,M19_C021,/content/drive/MyDrive/MLIP project/configs/M19_2_fluorothiophene/M19_C021.xyz,perturbed,0,0.125,0.05835164162275612,0.1992827124165008,0.11446800570694357,9,6,True,1.0882563481786078
M19,2_fluorothiophene,fluorinated,M19_C022,/content/drive/MyDrive/MLIP project/configs/M19_2_fluorothiophene/M19_C022.xyz,perturbed,0,0.125,0.05118821851745561,0.2078344047985536,0.10383154506698945,9,6,True,1.081054449807892
M19,2_fluorothiophene,fluorinated,M19_C023,/content/drive/MyDrive/MLIP project/configs/M19_2_fluorothiophene/M19_C023.xyz,perturbed,0,0.125,0.06406729324872727,0.17924147054291797,0.11585777957077108,9,6,True,0.9521041145277779
M19,2_fluorothiophene,fluorinated,M19_C024,/content/drive/MyDrive/MLIP project/configs/M19_2_fluorothiophene/M19_C024.xyz,perturbed,0,0.125,0.056914435242638554,0.15854968721224263,0.11467241506325829,9,6,True,1.086768711157088
M20,2_3_5_6_tetrafluoropyridine,fluorinated,M20_C001,/content/drive/MyDrive/MLIP project/configs/M20_2_3_5_6_tetrafluoropyridine/M20_C001.xyz,mmff_conformer,0,0.0,2.1440508473469754e-16,0.0,0.0,11,10,True,1.0860232313589557
M20,2_3_5_6_tetrafluoropyridine,fluorinated,M20_C002,/content/drive/MyDrive/MLIP project/configs/M20_2_3_5_6_tetrafluoropyridine/M20_C002.xyz,perturbed,0,0.1,0.0516517861864616,0.16045105243661223,0.08603337035757389,11,10,True,1.0829700299990086
M20,2_3_5_6_tetrafluoropyridine,fluorinated,M20_C003,/content/drive/MyDrive/MLIP project/configs/M20_2_3_5_6_tetrafluoropyridine/M20_C003.xyz,perturbed,0,0.125,0.05104847453264534,0.2791298296206422,0.10105299660403338,11,10,True,1.0693577811081605
M20,2_3_5_6_tetrafluoropyridine,fluorinated,M20_C004,/content/drive/MyDrive/MLIP project/configs/M20_2_3_5_6_tetrafluoropyridine/M20_C004.xyz,perturbed,0,0.1,0.05533076247803667,0.1772449735294719,0.08972751265459376,11,10,True,1.1029119275870345
M20,2_3_5_6_tetrafluoropyridine,fluorinated,M20_C005,/content/drive/MyDrive/MLIP project/configs/M20_2_3_5_6_tetrafluoropyridine/M20_C005.xyz,perturbed,0,0.125,0.06286948288997384,0.2166932765532504,0.11360296681539182,11,10,True,1.054797643355441
M20,2_3_5_6_tetrafluoropyridine,fluorinated,M20_C006,/content/drive/MyDrive/MLIP project/configs/M20_2_3_5_6_tetrafluoropyridine/M20_C006.xyz,perturbed,0,0.1,0.05754425999429042,0.19176695364007165,0.08846439941001359,11,10,True,1.1292273572273195
M20,2_3_5_6_tetrafluoropyridine,fluorinated,M20_C007,/content/drive/MyDrive/MLIP project/configs/M20_2_3_5_6_tetrafluoropyridine/M20_C007.xyz,perturbed,0,0.1,0.052270396502841876,0.15734640524854693,0.08872460966517408,11,10,True,1.0941977337250866
M20,2_3_5_6_tetrafluoropyridine,fluorinated,M20_C008,/content/drive/MyDrive/MLIP project/configs/M20_2_3_5_6_tetrafluoropyridine/M20_C008.xyz,perturbed,0,0.125,0.06027245449761249,0.22886154549543908,0.1093946395846057,11,10,True,1.131941891550759
M20,2_3_5_6_tetrafluoropyridine,fluorinated,M20_C009,/content/drive/MyDrive/MLIP project/configs/M20_2_3_5_6_tetrafluoropyridine/M20_C009.xyz,perturbed,0,0.1,0.050722710958409384,0.16773400546595876,0.08925062802714417,11,10,True,1.1667364451389801
M20,2_3_5_6_tetrafluoropyridine,fluorinated,M20_C010,/content/drive/MyDrive/MLIP project/configs/M20_2_3_5_6_tetrafluoropyridine/M20_C010.xyz,perturbed,0,0.125,0.052062605673754536,0.2742494476916899,0.09805276733784737,11,10,True,1.1745799891300694
M20,2_3_5_6_tetrafluoropyridine,fluorinated,M20_C011,/content/drive/MyDrive/MLIP project/configs/M20_2_3_5_6_tetrafluoropyridine/M20_C011.xyz,perturbed,0,0.1,0.05339470960207707,0.1323595549527785,0.09246290664513403,11,10,True,1.0383802575805738
M20,2_3_5_6_tetrafluoropyridine,fluorinated,M20_C012,/content/drive/MyDrive/MLIP project/configs/M20_2_3_5_6_tetrafluoropyridine/M20_C012.xyz,perturbed,0,0.125,0.06721620393934233,0.22731577261481892,0.11095478364939027,11,10,True,1.0792270687142023
M20,2_3_5_6_tetrafluoropyridine,fluorinated,M20_C013,/content/drive/MyDrive/MLIP project/configs/M20_2_3_5_6_tetrafluoropyridine/M20_C013.xyz,perturbed,0,0.1,0.05301947392445697,0.1462212380293338,0.09399037587933683,11,10,True,1.1263400107836972
M20,2_3_5_6_tetrafluoropyridine,fluorinated,M20_C014,/content/drive/MyDrive/MLIP project/configs/M20_2_3_5_6_tetrafluoropyridine/M20_C014.xyz,perturbed,0,0.125,0.06506689527789734,0.21038432290383977,0.11313385060134816,11,10,True,1.0471818426269595
M20,2_3_5_6_tetrafluoropyridine,fluorinated,M20_C015,/content/drive/MyDrive/MLIP project/configs/M20_2_3_5_6_tetrafluoropyridine/M20_C015.xyz,perturbed,0,0.1,0.05878806853923258,0.1608059940658031,0.08986465931319924,11,10,True,1.041775316051468
M20,2_3_5_6_tetrafluoropyridine,fluorinated,M20_C016,/content/drive/MyDrive/MLIP project/configs/M20_2_3_5_6_tetrafluoropyridine/M20_C016.xyz,perturbed,0,0.125,0.06590228239368004,0.2235747954769439,0.1140280443083383,11,10,True,1.0165375587194736
M20,2_3_5_6_tetrafluoropyridine,fluorinated,M20_C017,/content/drive/MyDrive/MLIP project/configs/M20_2_3_5_6_tetrafluoropyridine/M20_C017.xyz,perturbed,0,0.125,0.07079991805157941,0.22937928217087503,0.11449406197285922,11,10,True,1.0091232757373398
M20,2_3_5_6_tetrafluoropyridine,fluorinated,M20_C018,/content/drive/MyDrive/MLIP project/configs/M20_2_3_5_6_tetrafluoropyridine/M20_C018.xyz,perturbed,0,0.1,0.05354039299256602,0.17154997166072328,0.08765698140920908,11,10,True,1.0970303865889368
M20,2_3_5_6_tetrafluoropyridine,fluorinated,M20_C019,/content/drive/MyDrive/MLIP project/configs/M20_2_3_5_6_tetrafluoropyridine/M20_C019.xyz,perturbed,0,0.1,0.05048812510163454,0.16077296833363652,0.09363387994138529,11,10,True,1.0507338146878258
M20,2_3_5_6_tetrafluoropyridine,fluorinated,M20_C020,/content/drive/MyDrive/MLIP project/configs/M20_2_3_5_6_tetrafluoropyridine/M20_C020.xyz,perturbed,0,0.125,0.06513422523269584,0.23313949725287295,0.10616136034734742,11,10,True,1.0448077535633717
M20,2_3_5_6_tetrafluoropyridine,fluorinated,M20_C021,/content/drive/MyDrive/MLIP project/configs/M20_2_3_5_6_tetrafluoropyridine/M20_C021.xyz,perturbed,0,0.1,0.05702605673500642,0.15024913991641942,0.08994896885718634,11,10,True,1.0970093655264117
M20,2_3_5_6_tetrafluoropyridine,fluorinated,M20_C022,/content/drive/MyDrive/MLIP project/configs/M20_2_3_5_6_tetrafluoropyridine/M20_C022.xyz,perturbed,0,0.125,0.05385222073541527,0.2711608572289036,0.10459634806106549,11,10,True,1.0806082820330183
M20,2_3_5_6_tetrafluoropyridine,fluorinated,M20_C023,/content/drive/MyDrive/MLIP project/configs/M20_2_3_5_6_tetrafluoropyridine/M20_C023.xyz,perturbed,0,0.125,0.056864083080799696,0.25392840750459134,0.1135325755461031,11,10,True,1.149745881910973
M20,2_3_5_6_tetrafluoropyridine,fluorinated,M20_C024,/content/drive/MyDrive/MLIP project/configs/M20_2_3_5_6_tetrafluoropyridine/M20_C024.xyz,perturbed,0,0.125,0.05840787415911329,0.24424582126857866,0.10735332094662642,11,10,True,1.1214625715540905
M21,benzoquinone,redox_active,M21_C001,/content/drive/MyDrive/MLIP project/configs/M21_benzoquinone/M21_C001.xyz,mmff_conformer,0,0.0,3.724878562811103e-16,0.0,0.0,12,8,True,1.0832927909070935
M21,benzoquinone,redox_active,M21_C002,/content/drive/MyDrive/MLIP project/configs/M21_benzoquinone/M21_C002.xyz,perturbed,0,0.125,0.053856988339349425,0.24857367705947256,0.11264068973406773,12,8,True,1.0823964654572125
M21,benzoquinone,redox_active,M21_C003,/content/drive/MyDrive/MLIP project/configs/M21_benzoquinone/M21_C003.xyz,perturbed,0,0.125,0.056724244943033734,0.25969455886356685,0.11299899370225662,12,8,True,1.0730228857139137
M21,benzoquinone,redox_active,M21_C004,/content/drive/MyDrive/MLIP project/configs/M21_benzoquinone/M21_C004.xyz,perturbed,0,0.125,0.059062049272203626,0.2243408518059694,0.11197252557852433,12,8,True,1.0198628131886784
M21,benzoquinone,redox_active,M21_C005,/content/drive/MyDrive/MLIP project/configs/M21_benzoquinone/M21_C005.xyz,perturbed,0,0.125,0.05217579784707655,0.22101975073520752,0.10038056300319982,12,8,True,1.0521998170256646
M21,benzoquinone,redox_active,M21_C006,/content/drive/MyDrive/MLIP project/configs/M21_benzoquinone/M21_C006.xyz,perturbed,0,0.1,0.062064653490389886,0.2072386964858616,0.09136798938841513,12,8,True,1.0844740040528593
M21,benzoquinone,redox_active,M21_C007,/content/drive/MyDrive/MLIP project/configs/M21_benzoquinone/M21_C007.xyz,perturbed,0,0.1,0.05162849294904938,0.18250167772053635,0.08761652094157878,12,8,True,1.0863932672224645
M21,benzoquinone,redox_active,M21_C008,/content/drive/MyDrive/MLIP project/configs/M21_benzoquinone/M21_C008.xyz,perturbed,0,0.125,0.05707010149681834,0.22690014128925665,0.11214714613564968,12,8,True,1.0334545861162852
M21,benzoquinone,redox_active,M21_C009,/content/drive/MyDrive/MLIP project/configs/M21_benzoquinone/M21_C009.xyz,perturbed,0,0.125,0.062203265840688284,0.20217334415378524,0.10416645574369392,12,8,True,1.0715393427698592
M21,benzoquinone,redox_active,M21_C010,/content/drive/MyDrive/MLIP project/configs/M21_benzoquinone/M21_C010.xyz,perturbed,0,0.125,0.054329538389009814,0.24927326070484912,0.11212475340209127,12,8,True,1.036995561748589
M21,benzoquinone,redox_active,M21_C011,/content/drive/MyDrive/MLIP project/configs/M21_benzoquinone/M21_C011.xyz,perturbed,0,0.125,0.05617255841389163,0.19503334105555686,0.10888854414378425,12,8,True,1.0176017984181303
M21,benzoquinone,redox_active,M21_C012,/content/drive/MyDrive/MLIP project/configs/M21_benzoquinone/M21_C012.xyz,perturbed,0,0.125,0.05794359824736569,0.19820105492339404,0.11684552268712962,12,8,True,0.9768577424750501
M21,benzoquinone,redox_active,M21_C013,/content/drive/MyDrive/MLIP project/configs/M21_benzoquinone/M21_C013.xyz,perturbed,0,0.125,0.056610326475751996,0.2167843423547696,0.11297180359047791,12,8,True,1.088653111677885
M21,benzoquinone,redox_active,M21_C014,/content/drive/MyDrive/MLIP project/configs/M21_benzoquinone/M21_C014.xyz,perturbed,0,0.125,0.05461792915341267,0.2514803846444048,0.10437052482284455,12,8,True,1.1061912175039454
M21,benzoquinone,redox_active,M21_C015,/content/drive/MyDrive/MLIP project/configs/M21_benzoquinone/M21_C015.xyz,perturbed,0,0.125,0.0515832290292341,0.2337007448140367,0.10967825083211291,12,8,True,1.056579120653506
M21,benzoquinone,redox_active,M21_C016,/content/drive/MyDrive/MLIP project/configs/M21_benzoquinone/M21_C016.xyz,perturbed,0,0.125,0.05934932532310032,0.1834738199193069,0.1131611793210071,12,8,True,1.0891939754615132
M21,benzoquinone,redox_active,M21_C017,/content/drive/MyDrive/MLIP project/configs/M21_benzoquinone/M21_C017.xyz,perturbed,0,0.125,0.06715193750237536,0.20281804950218343,0.11342947421590661,12,8,True,1.0122372085606581
M21,benzoquinone,redox_active,M21_C018,/content/drive/MyDrive/MLIP project/configs/M21_benzoquinone/M21_C018.xyz,perturbed,0,0.125,0.06063713293804094,0.20748224304455748,0.11501171589026105,12,8,True,1.075563144386253
M21,benzoquinone,redox_active,M21_C019,/content/drive/MyDrive/MLIP project/configs/M21_benzoquinone/M21_C019.xyz,perturbed,0,0.125,0.05082328698267533,0.20067288498340713,0.11295392234361983,12,8,True,1.0654167089162572
M21,benzoquinone,redox_active,M21_C020,/content/drive/MyDrive/MLIP project/configs/M21_benzoquinone/M21_C020.xyz,perturbed,0,0.125,0.0599029738681265,0.23482816782259813,0.1122423872414026,12,8,True,1.0197072155434597
M21,benzoquinone,redox_active,M21_C021,/content/drive/MyDrive/MLIP project/configs/M21_benzoquinone/M21_C021.xyz,perturbed,0,0.1,0.05654365846773841,0.151473447184334,0.09017367396423744,12,8,True,1.011040334395499
M21,benzoquinone,redox_active,M21_C022,/content/drive/MyDrive/MLIP project/configs/M21_benzoquinone/M21_C022.xyz,perturbed,0,0.125,0.05446617087145571,0.23704167575983012,0.1127393850153008,12,8,True,1.0600352487034708
M21,benzoquinone,redox_active,M21_C023,/content/drive/MyDrive/MLIP project/configs/M21_benzoquinone/M21_C023.xyz,perturbed,0,0.125,0.05268501032865557,0.2396661964755715,0.10628548174620096,12,8,True,1.0234277928062057
M21,benzoquinone,redox_active,M21_C024,/content/drive/MyDrive/MLIP project/configs/M21_benzoquinone/M21_C024.xyz,perturbed,0,0.125,0.051431135021857824,0.2217099403470946,0.11120310016968228,12,8,True,1.0134676763652888
M22,naphthoquinone,redox_active,M22_C001,/content/drive/MyDrive/MLIP project/configs/M22_naphthoquinone/M22_C001.xyz,mmff_conformer,0,0.0,1.5681921611022324e-16,0.0,0.0,18,12,True,1.083976299258787
M22,naphthoquinone,redox_active,M22_C002,/content/drive/MyDrive/MLIP project/configs/M22_naphthoquinone/M22_C002.xyz,perturbed,0,0.125,0.05119884983238595,0.24514532344574913,0.10965265999934977,18,12,True,1.0310122014699445
M22,naphthoquinone,redox_active,M22_C003,/content/drive/MyDrive/MLIP project/configs/M22_naphthoquinone/M22_C003.xyz,perturbed,0,0.125,0.062132035312761805,0.23246350111211317,0.11086848668549931,18,12,True,1.063483143544224
M22,naphthoquinone,redox_active,M22_C004,/content/drive/MyDrive/MLIP project/configs/M22_naphthoquinone/M22_C004.xyz,perturbed,0,0.125,0.051218709827660074,0.23660724176220868,0.11030740045787711,18,12,True,1.0252989702433257
M22,naphthoquinone,redox_active,M22_C005,/content/drive/MyDrive/MLIP project/configs/M22_naphthoquinone/M22_C005.xyz,perturbed,0,0.125,0.05068675444870345,0.345732430029909,0.10450941769206341,18,12,True,1.0766973985277941
M22,naphthoquinone,redox_active,M22_C006,/content/drive/MyDrive/MLIP project/configs/M22_naphthoquinone/M22_C006.xyz,perturbed,0,0.125,0.05269725385323257,0.2631907215691443,0.10563326285177471,18,12,True,1.0344527337239835
M22,naphthoquinone,redox_active,M22_C007,/content/drive/MyDrive/MLIP project/configs/M22_naphthoquinone/M22_C007.xyz,perturbed,0,0.125,0.05499973419858122,0.20809734622372733,0.1133028643313343,18,12,True,1.0347764696506914
M22,naphthoquinone,redox_active,M22_C008,/content/drive/MyDrive/MLIP project/configs/M22_naphthoquinone/M22_C008.xyz,perturbed,0,0.125,0.05281977882438872,0.20453117029405657,0.11298128031907965,18,12,True,1.0652194925913363
M22,naphthoquinone,redox_active,M22_C009,/content/drive/MyDrive/MLIP project/configs/M22_naphthoquinone/M22_C009.xyz,perturbed,0,0.125,0.05028550675609861,0.22803629076064633,0.10721560673431069,18,12,True,1.0784904865573135
M22,naphthoquinone,redox_active,M22_C010,/content/drive/MyDrive/MLIP project/configs/M22_naphthoquinone/M22_C010.xyz,perturbed,0,0.125,0.05999646979073931,0.22422922329311418,0.11274289389983948,18,12,True,1.036736845704356
M22,naphthoquinone,redox_active,M22_C011,/content/drive/MyDrive/MLIP project/configs/M22_naphthoquinone/M22_C011.xyz,perturbed,0,0.125,0.052785921046179296,0.2617043027437622,0.10667765636525611,18,12,True,1.0113724443808683
M22,naphthoquinone,redox_active,M22_C012,/content/drive/MyDrive/MLIP project/configs/M22_naphthoquinone/M22_C012.xyz,perturbed,0,0.125,0.05235840695040165,0.242843036666249,0.10663801834689783,18,12,True,1.0413199213531086
M22,naphthoquinone,redox_active,M22_C013,/content/drive/MyDrive/MLIP project/configs/M22_naphthoquinone/M22_C013.xyz,perturbed,0,0.125,0.05429181238183871,0.32322919878485623,0.10834183264938851,18,12,True,1.0420629444791878
M22,naphthoquinone,redox_active,M22_C014,/content/drive/MyDrive/MLIP project/configs/M22_naphthoquinone/M22_C014.xyz,perturbed,0,0.125,0.051482549740597454,0.22477129781940985,0.10915489610005814,18,12,True,1.0483035805235332
M22,naphthoquinone,redox_active,M22_C015,/content/drive/MyDrive/MLIP project/configs/M22_naphthoquinone/M22_C015.xyz,perturbed,0,0.1,0.05044116618778067,0.17578798515815,0.08584376352669454,18,12,True,1.0583219541306572
M22,naphthoquinone,redox_active,M22_C016,/content/drive/MyDrive/MLIP project/configs/M22_naphthoquinone/M22_C016.xyz,perturbed,0,0.125,0.060299750165214785,0.20723069566904492,0.11494338488015732,18,12,True,0.985133479796483
M22,naphthoquinone,redox_active,M22_C017,/content/drive/MyDrive/MLIP project/configs/M22_naphthoquinone/M22_C017.xyz,perturbed,0,0.125,0.05435606231625598,0.317615291181657,0.10858053425370488,18,12,True,1.0295033979076342
M22,naphthoquinone,redox_active,M22_C018,/content/drive/MyDrive/MLIP project/configs/M22_naphthoquinone/M22_C018.xyz,perturbed,0,0.125,0.05612594696880254,0.2025810935294677,0.11159306654287479,18,12,True,1.0319662793450457
M22,naphthoquinone,redox_active,M22_C019,/content/drive/MyDrive/MLIP project/configs/M22_naphthoquinone/M22_C019.xyz,perturbed,0,0.125,0.05914781969088683,0.23190703460806808,0.10579719801481728,18,12,True,1.0551782328049144
M22,naphthoquinone,redox_active,M22_C020,/content/drive/MyDrive/MLIP project/configs/M22_naphthoquinone/M22_C020.xyz,perturbed,0,0.125,0.051247666478527944,0.3040727319508399,0.1038592884985088,18,12,True,1.0474791620033401
M22,naphthoquinone,redox_active,M22_C021,/content/drive/MyDrive/MLIP project/configs/M22_naphthoquinone/M22_C021.xyz,perturbed,0,0.125,0.05211535722440873,0.20315885038686018,0.10489485152834671,18,12,True,1.041734036181672
M22,naphthoquinone,redox_active,M22_C022,/content/drive/MyDrive/MLIP project/configs/M22_naphthoquinone/M22_C022.xyz,perturbed,0,0.125,0.05428302836411144,0.252477169138702,0.10662727979314623,18,12,True,0.9918253510744538
M22,naphthoquinone,redox_active,M22_C023,/content/drive/MyDrive/MLIP project/configs/M22_naphthoquinone/M22_C023.xyz,perturbed,0,0.1,0.051065894249798974,0.1840014206503373,0.09153677164892812,18,12,True,1.0313325564906604
M22,naphthoquinone,redox_active,M22_C024,/content/drive/MyDrive/MLIP project/configs/M22_naphthoquinone/M22_C024.xyz,perturbed,0,0.125,0.050760614949349636,0.22372548882686577,0.11162825973681247,18,12,True,1.0787487045610025
M23,hydroquinone,redox_active,M23_C001,/content/drive/MyDrive/MLIP project/configs/M23_hydroquinone/M23_C001.xyz,mmff_conformer,0,0.0,4.163173708841967e-16,0.0,0.0,14,8,True,0.970904515708992
M23,hydroquinone,redox_active,M23_C002,/content/drive/MyDrive/MLIP project/configs/M23_hydroquinone/M23_C002.xyz,perturbed,0,0.125,0.051606858565596936,0.21469313393706152,0.10991888854463129,14,8,True,0.9962281893567322
M23,hydroquinone,redox_active,M23_C003,/content/drive/MyDrive/MLIP project/configs/M23_hydroquinone/M23_C003.xyz,perturbed,0,0.125,0.057532159236102116,0.22146459045711894,0.10898299717492368,14,8,True,1.0079627773821167
M23,hydroquinone,redox_active,M23_C004,/content/drive/MyDrive/MLIP project/configs/M23_hydroquinone/M23_C004.xyz,perturbed,0,0.125,0.05006090578627284,0.2768849588810649,0.11062787942221093,14,8,True,0.951091482277893
M23,hydroquinone,redox_active,M23_C005,/content/drive/MyDrive/MLIP project/configs/M23_hydroquinone/M23_C005.xyz,perturbed,0,0.1,0.05319575405769803,0.1413333043943863,0.09384780114857608,14,8,True,0.966425514015849
M23,hydroquinone,redox_active,M23_C006,/content/drive/MyDrive/MLIP project/configs/M23_hydroquinone/M23_C006.xyz,perturbed,0,0.125,0.05296005695157139,0.21410900767285498,0.11312167595243743,14,8,True,0.9564272294205307
M23,hydroquinone,redox_active,M23_C007,/content/drive/MyDrive/MLIP project/configs/M23_hydroquinone/M23_C007.xyz,perturbed,0,0.125,0.061995104781698195,0.18725614097556723,0.11138064971147098,14,8,True,0.975101171880835
M23,hydroquinone,redox_active,M23_C008,/content/drive/MyDrive/MLIP project/configs/M23_hydroquinone/M23_C008.xyz,perturbed,0,0.125,0.05176266222457937,0.2560619782334326,0.10935745388257878,14,8,True,0.9806040873853434
M23,hydroquinone,redox_active,M23_C009,/content/drive/MyDrive/MLIP project/configs/M23_hydroquinone/M23_C009.xyz,perturbed,0,0.125,0.05350370122965274,0.2165616946049499,0.1067557960700614,14,8,True,0.9706953585344533
M23,hydroquinone,redox_active,M23_C010,/content/drive/MyDrive/MLIP project/configs/M23_hydroquinone/M23_C010.xyz,perturbed,0,0.125,0.0516286321153731,0.28177397709496377,0.10368283810146314,14,8,True,1.0065986618330995
M23,hydroquinone,redox_active,M23_C011,/content/drive/MyDrive/MLIP project/configs/M23_hydroquinone/M23_C011.xyz,perturbed,0,0.125,0.050261927733096505,0.22279735281193971,0.10842044878666235,14,8,True,1.0088554081256778
M23,hydroquinone,redox_active,M23_C012,/content/drive/MyDrive/MLIP project/configs/M23_hydroquinone/M23_C012.xyz,perturbed,0,0.125,0.05828570891771913,0.19038884951511673,0.11379456003002027,14,8,True,0.9472183821382305
M23,hydroquinone,redox_active,M23_C013,/content/drive/MyDrive/MLIP project/configs/M23_hydroquinone/M23_C013.xyz,perturbed,0,0.125,0.05607130675053104,0.23216764358875056,0.11532658881743725,14,8,True,1.0047150880615796
M23,hydroquinone,redox_active,M23_C014,/content/drive/MyDrive/MLIP project/configs/M23_hydroquinone/M23_C014.xyz,perturbed,0,0.125,0.05390358072268843,0.18784236715959754,0.11651183088928485,14,8,True,0.9704794940339199
M23,hydroquinone,redox_active,M23_C015,/content/drive/MyDrive/MLIP project/configs/M23_hydroquinone/M23_C015.xyz,perturbed,0,0.125,0.05244025597651277,0.23956291848566857,0.1101276154361509,14,8,True,1.0148559246410451
M23,hydroquinone,redox_active,M23_C016,/content/drive/MyDrive/MLIP project/configs/M23_hydroquinone/M23_C016.xyz,perturbed,0,0.125,0.05378671585074809,0.2857287848408881,0.10604087348750144,14,8,True,0.9789456943761455
M23,hydroquinone,redox_active,M23_C017,/content/drive/MyDrive/MLIP project/configs/M23_hydroquinone/M23_C017.xyz,perturbed,0,0.125,0.05781460791567532,0.185202203145376,0.11360092060821403,14,8,True,0.9762611252988065
M23,hydroquinone,redox_active,M23_C018,/content/drive/MyDrive/MLIP project/configs/M23_hydroquinone/M23_C018.xyz,perturbed,0,0.125,0.051819052052502416,0.23963941787518653,0.11378378856340074,14,8,True,0.9705594103571562
M23,hydroquinone,redox_active,M23_C019,/content/drive/MyDrive/MLIP project/configs/M23_hydroquinone/M23_C019.xyz,perturbed,0,0.125,0.0530279563961935,0.19885770417316775,0.1150029709710734,14,8,True,0.9639825181538896
M23,hydroquinone,redox_active,M23_C020,/content/drive/MyDrive/MLIP project/configs/M23_hydroquinone/M23_C020.xyz,perturbed,0,0.125,0.05721243592869159,0.2535397122054792,0.1075167859786461,14,8,True,0.9516703059355192
M23,hydroquinone,redox_active,M23_C021,/content/drive/MyDrive/MLIP project/configs/M23_hydroquinone/M23_C021.xyz,perturbed,0,0.125,0.0530889592123783,0.25842036279663555,0.11076271371541915,14,8,True,0.9633566335295903
M23,hydroquinone,redox_active,M23_C022,/content/drive/MyDrive/MLIP project/configs/M23_hydroquinone/M23_C022.xyz,perturbed,0,0.125,0.050540182209116484,0.2462014557126224,0.10672276124564153,14,8,True,0.9657705803483686
M23,hydroquinone,redox_active,M23_C023,/content/drive/MyDrive/MLIP project/configs/M23_hydroquinone/M23_C023.xyz,perturbed,0,0.125,0.05769764027580393,0.1909083061040578,0.11271731922002458,14,8,True,0.947630531038632
M23,hydroquinone,redox_active,M23_C024,/content/drive/MyDrive/MLIP project/configs/M23_hydroquinone/M23_C024.xyz,perturbed,0,0.125,0.059623786307720035,0.2772815020329278,0.11315703672779313,14,8,True,0.9617741583204993
M24,phenazine,redox_active,M24_C001,/content/drive/MyDrive/MLIP project/configs/M24_phenazine/M24_C001.xyz,mmff_conformer,0,0.0,6.350282661233224e-16,0.0,0.0,22,14,True,1.0870366950404045
M24,phenazine,redox_active,M24_C002,/content/drive/MyDrive/MLIP project/configs/M24_phenazine/M24_C002.xyz,perturbed,0,0.125,0.05161803171803685,0.2818797751766911,0.10874818484065028,22,14,True,1.053678461427365
M24,phenazine,redox_active,M24_C003,/content/drive/MyDrive/MLIP project/configs/M24_phenazine/M24_C003.xyz,perturbed,0,0.125,0.05607479534001034,0.2302603678131974,0.11399792806156893,22,14,True,1.079995806996354
M24,phenazine,redox_active,M24_C004,/content/drive/MyDrive/MLIP project/configs/M24_phenazine/M24_C004.xyz,perturbed,0,0.125,0.05522156872828245,0.27923341321676726,0.10838060870909318,22,14,True,1.0566639178974404
M24,phenazine,redox_active,M24_C005,/content/drive/MyDrive/MLIP project/configs/M24_phenazine/M24_C005.xyz,perturbed,0,0.125,0.05128738288603357,0.24224657807474986,0.11160097931671836,22,14,True,1.0748293689792618
M24,phenazine,redox_active,M24_C006,/content/drive/MyDrive/MLIP project/configs/M24_phenazine/M24_C006.xyz,perturbed,0,0.125,0.05508157176879709,0.19971633869743474,0.11337162926463079,22,14,True,1.047396867671995
M24,phenazine,redox_active,M24_C007,/content/drive/MyDrive/MLIP project/configs/M24_phenazine/M24_C007.xyz,perturbed,0,0.125,0.050878820455053125,0.2068804256914964,0.11352207827554776,22,14,True,1.0572981867993632
M24,phenazine,redox_active,M24_C008,/content/drive/MyDrive/MLIP project/configs/M24_phenazine/M24_C008.xyz,perturbed,0,0.125,0.05048038106767877,0.23634336946440687,0.11203264680452882,22,14,True,1.0281168387507027
M24,phenazine,redox_active,M24_C009,/content/drive/MyDrive/MLIP project/configs/M24_phenazine/M24_C009.xyz,perturbed,0,0.125,0.05093690417228598,0.2639442048673904,0.112509329203341,22,14,True,1.0476110695977918
M24,phenazine,redox_active,M24_C010,/content/drive/MyDrive/MLIP project/configs/M24_phenazine/M24_C010.xyz,perturbed,0,0.1,0.050027869389248046,0.20982974351467332,0.09063819360485081,22,14,True,1.032958547679073
M24,phenazine,redox_active,M24_C011,/content/drive/MyDrive/MLIP project/configs/M24_phenazine/M24_C011.xyz,perturbed,0,0.125,0.05074101657926182,0.2578580235119369,0.11046989121974181,22,14,True,1.009855601368522
M24,phenazine,redox_active,M24_C012,/content/drive/MyDrive/MLIP project/configs/M24_phenazine/M24_C012.xyz,perturbed,0,0.125,0.05012368761305818,0.24573128366351776,0.10936318936536439,22,14,True,1.027090653070449
M24,phenazine,redox_active,M24_C013,/content/drive/MyDrive/MLIP project/configs/M24_phenazine/M24_C013.xyz,perturbed,0,0.125,0.05080241899925949,0.27108313247606786,0.10674291505887806,22,14,True,1.0282980343296444
M24,phenazine,redox_active,M24_C014,/content/drive/MyDrive/MLIP project/configs/M24_phenazine/M24_C014.xyz,perturbed,0,0.125,0.05992290181259107,0.2090163162022055,0.11518607632473182,22,14,True,0.9995587189337872
M24,phenazine,redox_active,M24_C015,/content/drive/MyDrive/MLIP project/configs/M24_phenazine/M24_C015.xyz,perturbed,0,0.125,0.05543117124742781,0.25893273329357713,0.11406961021180449,22,14,True,1.0875940319563309
M24,phenazine,redox_active,M24_C016,/content/drive/MyDrive/MLIP project/configs/M24_phenazine/M24_C016.xyz,perturbed,0,0.125,0.05087607787186066,0.2942695130123471,0.1097340374904432,22,14,True,1.056067895867987
M24,phenazine,redox_active,M24_C017,/content/drive/MyDrive/MLIP project/configs/M24_phenazine/M24_C017.xyz,perturbed,0,0.125,0.054754009260855635,0.25861045756657464,0.10976736248719877,22,14,True,1.043382608807177
M24,phenazine,redox_active,M24_C018,/content/drive/MyDrive/MLIP project/configs/M24_phenazine/M24_C018.xyz,perturbed,0,0.125,0.05306451296556485,0.2513994001293783,0.10473163393269891,22,14,True,1.019631734065652
M24,phenazine,redox_active,M24_C019,/content/drive/MyDrive/MLIP project/configs/M24_phenazine/M24_C019.xyz,perturbed,0,0.125,0.05901717557106057,0.24162060730939333,0.11543249220604078,22,14,True,1.0346466147102995
M24,phenazine,redox_active,M24_C020,/content/drive/MyDrive/MLIP project/configs/M24_phenazine/M24_C020.xyz,perturbed,0,0.125,0.06379991397679716,0.18426074780551432,0.1170816002425939,22,14,True,1.0465769250450256
M24,phenazine,redox_active,M24_C021,/content/drive/MyDrive/MLIP project/configs/M24_phenazine/M24_C021.xyz,perturbed,0,0.125,0.06316361091851984,0.21784804009631065,0.11658468652702013,22,14,True,1.064886571468842
M24,phenazine,redox_active,M24_C022,/content/drive/MyDrive/MLIP project/configs/M24_phenazine/M24_C022.xyz,perturbed,0,0.125,0.05139254825617302,0.25673933536159915,0.10520864669638265,22,14,True,1.0387874172716745
M24,phenazine,redox_active,M24_C023,/content/drive/MyDrive/MLIP project/configs/M24_phenazine/M24_C023.xyz,perturbed,0,0.125,0.0529235244206086,0.19987526165617567,0.10618727318895833,22,14,True,1.0609126593033333
M24,phenazine,redox_active,M24_C024,/content/drive/MyDrive/MLIP project/configs/M24_phenazine/M24_C024.xyz,perturbed,0,0.125,0.053736707388275184,0.2205824957094467,0.11108616484376331,22,14,True,1.0386975699595855
